station_distance,mean_humidity,mean_visibility_miles,mean_wind_speed_mph,precipitation_inches,cloud_cover,events,day_week,start_time,mean_temperature_f,duration
0.7246,76,10,11,0,6,0,Tue,17,65,579
0.36222,68,10,9,0,3,0,Wed,12.58333333,64,566
0.53191,71,10,8,0,5,0,Thu,8.1,68,776
0.38632,61,10,8,0,5,0,Thu,13.03333333,60,467
0.38202,71,10,10,0,3,0,Tue,16.46666667,62,656
0.43746,47,10,6,0,3,0,Thu,9.833333333,70,513
0.55117,68,9,9,0.01,5,2,Mon,8.483333333,62,492
0.65663,69,10,9,0,1,0,Wed,18.25,68,374
0.43746,64,10,9,0,2,0,Tue,15.03333333,69,391
0.53191,80,9,11,0.65,7,2,Tue,8.866666667,56,537
0.48189,64,10,10,0.01,5,2,Tue,9.366666667,70,561
0.54976,69,9,10,0,4,0,Tue,8.5,67,741
0.39991,69,10,15,0,5,0,Mon,9.15,57,696
0.36608,63,10,5,0,4,0,Mon,18.01666667,55,342
0.451,73,9,6,0,2,0,Thu,18.83333333,51,452
0.53191,74,9,9,0.01,6,2,Wed,8.2,71,528
0.43746,69,10,10,0,4,0,Fri,19.2,69,474
0.43746,73,10,9,0,6,0,Thu,9.25,57,381
0.451,72,10,9,0,3,0,Sat,15.95,65,660
0.55166,64,10,4,0,6,0,Tue,17.65,57,969
0.451,65,10,9,0,3,0,Mon,8.066666667,71,429
0.55839,66,9,11,0,6,0,Wed,9.45,69,419
0.46099,56,7,5,0,5,0,Sun,15.96666667,77,874
0.65663,62,10,6,0,0,0,Tue,17.38333333,72,552
0.55166,66,10,9,0,4,0,Mon,18.13333333,69,305
0.67032,77,9,7,0,2,1,Tue,10.68333333,62,1061
0.46099,75,10,11,0,4,0,Thu,16.26666667,68,606
0.451,89,4,3,0,4,1,Mon,17.18333333,57,432
0.38202,70,10,2,0,1,0,Mon,8,53,384
0.35379,69,9,11,0,3,0,Fri,18.13333333,66,514
0.55839,73,9,13,0,3,0,Sat,12.78333333,57,789
0.55839,76,10,11,0,6,0,Thu,8.3,67,249
0.54976,83,8,3,0,4,0,Mon,8.066666667,54,743
0.54102,80,10,9,0,6,0,Fri,17.66666667,61,1258
0.44983,66,10,10,0,6,0,Tue,18.73333333,68,628
0.7246,64,10,12,0,4,0,Mon,8.066666667,64,367
0.46099,63,10,11,0,5,0,Mon,12.8,68,18866
0.55166,69,10,4,0,3,0,Thu,8.166666667,61,578
0.54976,72,10,22,0,3,0,Tue,9.833333333,63,210
0.47853,67,10,7,0,1,0,Mon,16.73333333,59,581
0.47853,67,10,9,0,4,0,Thu,17.3,62,504
0.44983,77,10,16,0,7,0,Sat,14.88333333,62,518
0.54976,56,10,9,0,3,0,Wed,11.28333333,56,865
0.43617,71,10,8,0,5,1,Fri,13.36666667,63,345
0.54102,69,10,8,0,3,0,Fri,11.88333333,56,1693
0.55117,74,7,4,0,7,0,Fri,8.3,55,474
0.54976,67,10,11,0,4,0,Sat,15.06666667,54,185
0.38202,71,10,13,0,8,0,Wed,16.55,65,883
0.37521,53,10,8,0,0,0,Fri,11.03333333,75,1392
0.55166,59,10,8,0,1,0,Mon,19.01666667,72,155
0.48189,67,10,9,0,5,0,Mon,16.46666667,63,304
0.38632,69,10,8,0,4,0,Wed,16.98333333,69,387
0.43617,66,10,19,0,1,0,Tue,13.28333333,65,415
0.35379,72,10,13,0,5,0,Sun,11.15,66,1047
0.39991,70,10,3,0,1,0,Fri,21.31666667,58,395
0.53191,78,10,9,0,5,0,Tue,9.3,63,452
0.43559,63,10,6,0,0,1,Sat,8.816666667,62,972
0.47853,72,10,11,0,7,0,Sun,12.3,65,1089
0.48277,44,10,3,0,0,0,Wed,19.1,61,449
0.48277,56,10,7,0,1,0,Tue,16.9,62,277
0.53191,78,10,9,0,5,0,Tue,8.35,63,595
0.54976,71,10,12,0,6,0,Mon,18.53333333,68,1005
0.43617,71,10,8,0,4,0,Wed,17.3,61,561
0.38202,67,10,9,0,2,0,Wed,14.41666667,67,261
0.54976,73,10,5,0,1,0,Wed,18.63333333,51,589
0.37521,78,10,3,0,4,0,Wed,17.15,53,343
0.55166,72,10,14,0,5,0,Mon,7.85,57,529
0.38632,59,10,8,0,1,0,Sat,16.11666667,73,746
0.67032,86,6,2,0,2,1,Tue,18.16666667,52,387
0.55166,69,9,9,0,2,0,Tue,19.16666667,62,632
0.47375,64,10,16,0,1,0,Tue,11.71666667,62,352
0.48277,78,7,3,0,3,0,Wed,18.6,49,492
0.54976,72,8,15,0.52,6,2,Tue,8.466666667,55,651
0.38632,78,9,11,0,7,0,Mon,17.01666667,58,450
0.67032,63,10,6,0,4,0,Thu,16.98333333,55,741
0.37521,53,10,6,0,1,0,Mon,17.25,67,536
0.55839,70,10,6,0,1,1,Tue,8.566666667,60,710
0.47853,72,10,22,0,3,0,Tue,15.18333333,63,708
0.37521,69,10,19,0.08,5,2,Fri,17.08333333,58,291
0.35379,61,10,7,0,1,0,Fri,9.7,58,351
0.65663,68,10,2,0,3,0,Thu,13.7,58,528
0.55839,79,10,9,0,6,0,Sat,12.48333333,67,431
0.65663,72,10,14,0,6,0,Wed,9.233333333,65,376
0.39547,63,10,12,0,1,0,Fri,5.85,54,169
0.39547,69,10,8,0,4,0,Wed,10.7,69,234
0.46099,67,10,7,0,4,0,Tue,8.05,68,497
0.36608,50,10,3,0,1,0,Mon,18.6,55,449
0.43746,78,10,11,0,6,0,Fri,11.98333333,67,452
0.40203,64,9,4,0,3,0,Thu,16.6,58,637
0.51441,66,9,11,0,6,0,Wed,19.43333333,69,584
0.7246,50,10,3,0,1,0,Mon,18.78333333,55,464
0.79628,68,10,9,0,5,0,Wed,18.26666667,68,728
0.79628,64,10,8,0,3,0,Sat,13.75,58,222
0.37521,76,8,2,0,6,0,Thu,14.6,52,388
0.67032,71,10,13,0,8,0,Wed,16.11666667,65,187
0.65663,60,10,1,0,0,0,Wed,18.76666667,53,1145
0.54976,78,9,6,0,6,0,Tue,9.483333333,55,752
0.46099,70,10,6,0,3,0,Tue,8.45,67,288
0.38202,74,10,9,0,4,0,Fri,12.81666667,61,350
0.47853,64,10,16,0,1,0,Tue,16.91666667,62,202
0.67032,61,10,5,0,1,0,Thu,16.46666667,62,904
0.38632,71,10,4,0,1,0,Tue,19.3,57,384
0.39991,73,9,6,0,2,0,Thu,9.416666667,51,294
0.46099,70,10,8,0,3,0,Fri,8.95,58,586
0.46099,69,10,12,0,5,0,Sat,14.6,59,8479
0.38202,50,10,6,0,2,0,Mon,15.95,66,767
0.43746,63,9,7,0,0,0,Sat,14.58333333,58,1139
0.47375,77,9,7,0,2,1,Tue,11.35,62,140
0.55839,69,9,10,0,4,0,Tue,17.18333333,67,388
0.40203,82,10,9,0,2,1,Fri,16.76666667,58,221
0.43746,71,10,12,0,6,0,Thu,9.033333333,66,411
0.51441,53,10,7,0,0,0,Wed,17.35,68,783
0.38632,90,8,9,1.18,8,2,Tue,16.28333333,58,387
0.7246,64,10,9,0,0,0,Mon,18.31666667,68,254
0.35379,69,10,9,0,4,0,Fri,12.61666667,62,203
0.39547,67,10,10,0,4,0,Wed,8.066666667,68,511
0.35379,67,10,11,0,2,0,Tue,16,68,625
0.54102,72,10,3,0,5,0,Mon,18.21666667,51,1084
0.36612,65,10,9,0,3,0,Mon,9.8,71,595
0.65663,65,10,9,0.29,6,2,Fri,9.833333333,45,664
0.79628,35,10,7,0,1,0,Mon,6.283333333,54,738
0.40089,68,10,9,0,4,0,Wed,17.01666667,70,768
0.36612,63,9,1,0,0,0,Thu,20.75,53,431
0.38202,66,10,12,0,5,0,Wed,15.86666667,64,658
0.38632,66,9,5,0,1,0,Wed,17.13333333,68,487
0.35379,68,10,19,0,2,0,Fri,11.46666667,56,557
0.54976,67,10,9,0,1,1,Sat,11.38333333,60,25116
0.55117,56,10,9,0,3,0,Wed,9.65,56,437
0.54102,63,10,5,0,4,0,Mon,17.05,55,501
0.35379,72,10,9,0,5,0,Thu,15.73333333,65,804
0.7246,82,5,10,0,5,1,Tue,18.13333333,56,769
0.53191,69,10,9,0,5,0,Wed,4.866666667,68,100
0.35379,49,10,5,0,0,0,Mon,17.88333333,64,401
0.55166,67,10,11,0,2,0,Tue,7.75,68,657
0.38202,75,10,8,0,4,0,Mon,17.55,56,684
0.48277,66,10,7,0,4,0,Tue,12.4,58,262
0.46099,78,7,3,0,3,0,Wed,7.633333333,49,833
0.54976,66,10,10,0,3,0,Sun,11.66666667,66,380
0.40089,88,9,6,0.18,7,3,Wed,20.01666667,64,240
0.47375,71,10,12,0,6,0,Mon,17.26666667,68,400
0.53191,75,10,9,0,6,0,Sat,14.55,64,668
0.36608,70,10,3,0,0,1,Fri,18.61666667,54,227
0.65663,74,10,7,0.07,4,5,Sat,17.05,52,873
0.54976,69,10,10,0,0,0,Wed,9.266666667,70,1013
0.54102,75,10,12,0,6,0,Wed,9.2,58,475
0.55839,83,8,15,0.99,7,2,Sun,16.95,58,575
0.35379,75,10,11,0,4,0,Thu,21.78333333,68,422
0.46099,71,10,9,0,3,0,Fri,9.5,56,424
0.36222,62,10,6,0,0,0,Mon,18.68333333,65,710
0.43559,75,10,8,0,4,0,Mon,9.483333333,56,492
0.69734,65,10,9,0,3,0,Mon,8.95,71,666
0.54102,73,10,3,0,2,1,Wed,17.01666667,53,564
0.67032,53,10,11,0,0,0,Thu,16.1,62,573
0.55166,71,10,10,0,6,0,Mon,8.866666667,67,559
0.36612,73,10,3,0,2,1,Wed,16.95,53,608
0.40203,69,10,4,0,3,0,Thu,18.65,61,548
0.38632,74,10,7,0,4,0,Tue,13.2,65,359
0.37521,82,10,9,0,2,1,Fri,19.25,58,317
0.55839,62,10,6,0,0,0,Tue,21.81666667,72,891
0.40203,74,10,12,0,8,0,Fri,11.4,59,468
0.36612,80,10,4,0,6,0,Mon,18.45,60,871
0.39547,70,10,11,0,1,0,Mon,17.26666667,66,235
0.39991,41,10,7,0,1,0,Wed,8.5,48,501
0.35379,79,10,5,0,4,0,Wed,9.033333333,57,392
0.47375,55,10,5,0,7,0,Tue,16.86666667,54,574
0.39991,56,10,9,0,2,0,Wed,18.31666667,55,487
0.67032,71,10,4,0,1,0,Tue,4.516666667,57,1267
0.43617,68,10,9,0,4,0,Wed,19.2,70,688
0.40203,90,8,7,0.64,8,2,Thu,6.666666667,50,400
0.69734,76,9,3,0,5,0,Tue,17.05,57,996
0.65663,72,10,3,0,5,0,Mon,18.53333333,51,419
0.43738,87,9,8,0.1,7,2,Fri,9.85,60,641
0.39991,65,10,6,0,1,1,Mon,8.383333333,68,958
0.65663,66,10,9,0,4,0,Mon,16.83333333,69,545
0.43746,76,10,11,0,6,0,Thu,16.91666667,67,496
0.67032,63,10,5,0,4,0,Mon,17.16666667,55,573
0.35379,72,10,14,0,6,0,Wed,17.93333333,65,246
0.55166,72,10,9,0,4,0,Fri,11.06666667,67,813
0.54976,64,10,4,0,6,0,Tue,8.883333333,57,386
0.55166,78,10,11,0,6,0,Tue,6.8,61,433
0.65663,61,10,4,0,0,0,Wed,17.13333333,54,350
0.43746,70,10,6,0,1,1,Tue,8.55,60,462
0.38202,58,10,5,0,2,1,Tue,19.38333333,50,955
0.36608,86,10,3,0,4,0,Sat,10.2,52,688
0.54976,67,10,9,0,5,0,Mon,8.716666667,63,734
0.67032,71,10,5,0,2,0,Tue,17.8,53,816
0.39991,74,10,10,0,3,0,Fri,8.483333333,61,365
0.44983,69,10,8,0,5,0,Thu,17.51666667,54,816
0.54976,68,10,9,0,3,0,Wed,7.8,64,224
0.54102,71,10,11,0,4,0,Wed,14.16666667,66,270
0.54102,67,10,12,0,4,0,Sat,21.56666667,68,433
0.451,61,10,8,0,1,0,Sun,11.18333333,65,485
0.451,80,10,8,0,5,0,Tue,20.36666667,55,183
0.43738,45,10,5,0,0,0,Sun,14.5,55,699
0.43746,67,10,9,0,5,0,Mon,7.9,63,287
0.46099,82,10,9,0,2,1,Fri,6.366666667,58,353
0.39991,68,9,9,0.01,5,2,Mon,7.166666667,62,339
0.38202,74,10,11,0,5,0,Thu,16.43333333,68,170
0.46099,71,10,6,0,5,0,Fri,17.75,57,710
0.48277,65,6,2,0,2,1,Sat,15.45,55,1839
0.39991,61,10,9,0,0,0,Mon,16.6,69,457
0.79628,68,10,11,0,5,0,Wed,7.8,63,571
0.48277,30,10,14,0,1,0,Fri,17.66666667,63,453
0.40203,70,10,13,0,6,0,Fri,16.5,57,631
0.36608,83,8,2,0,7,1,Tue,16.5,59,202
0.40203,56,10,9,0,2,0,Wed,18.76666667,55,492
0.47375,73,10,5,0,1,0,Wed,7.8,51,815
0.38202,64,10,14,0,5,0,Mon,18.11666667,70,886
0.7246,69,9,8,0,1,0,Fri,18.78333333,67,157
0.55839,75,10,8,0,4,0,Wed,6.683333333,59,505
0.39991,72,10,9,0,4,0,Thu,11.71666667,68,193
0.43746,67,10,9,0,4,0,Thu,5.983333333,62,120
0.47375,90,8,9,1.18,8,2,Tue,13.5,58,130
0.67032,73,10,11,0,6,0,Mon,10.31666667,60,181
0.54976,53,10,11,0,0,0,Thu,17.41666667,62,223
0.7246,45,10,2,0,0,0,Tue,9.166666667,58,403
0.43617,80,9,11,0.65,7,2,Tue,19.53333333,56,488
0.47375,70,10,10,0,4,0,Thu,11.36666667,70,337
0.54976,69,10,9,0,4,0,Fri,9.15,62,362
0.46099,81,8,8,0,4,0,Thu,15.25,65,384
0.67032,76,9,10,0.01,8,2,Thu,7.383333333,63,210
0.67032,68,10,6,0,6,0,Tue,18.08333333,66,261
0.7246,77,10,9,0,6,0,Tue,9.55,58,278
0.51441,60,10,7,0,1,0,Tue,15.13333333,60,3642
0.39547,74,10,11,0,5,0,Thu,8.366666667,68,66
0.7246,75,9,8,0.15,5,2,Tue,22.15,54,566
0.53191,72,10,9,0,4,0,Thu,8.583333333,68,473
0.36222,68,10,6,0,5,0,Thu,17.41666667,61,215
0.65663,61,10,7,0,1,0,Fri,20.46666667,58,267
0.38632,72,7,8,0,2,1,Fri,21.31666667,60,580
0.54102,82,10,9,0,2,1,Fri,7.65,58,564
0.46099,73,10,9,0,4,0,Sat,11.26666667,67,1262
0.54102,64,10,3,0,1,0,Sat,20.58333333,57,309
0.36608,70,10,10,0,1,0,Sun,19.46666667,63,467
0.79628,41,10,7,0,1,0,Wed,16.76666667,48,807
0.40203,60,10,7,0,1,0,Tue,18.98333333,60,1202
0.55166,68,10,11,0,4,0,Tue,7.866666667,60,416
0.53191,72,10,7,0,5,0,Tue,16.78333333,65,386
0.65663,60,10,7,0,1,0,Tue,17.95,60,275
0.46099,60,10,8,0,4,0,Fri,9.333333333,77,442
0.43746,63,10,6,0,4,0,Thu,17.96666667,55,766
0.40203,78,7,3,0,3,0,Wed,17.41666667,49,347
0.36222,69,10,5,0,5,0,Mon,14.55,53,172
0.451,70,10,3,0,1,0,Fri,10.35,58,337
0.65663,69,10,9,0,5,0,Wed,7.35,67,373
0.55166,73,10,8,0,4,0,Sun,12.75,65,7738
0.67032,67,10,9,0,5,0,Mon,18.06666667,63,870
0.39991,80,9,11,0.65,7,2,Tue,16.98333333,56,345
0.55839,52,10,6,0,2,0,Wed,8.733333333,59,688
0.44983,73,10,11,0,6,0,Mon,12.76666667,60,274
0.40089,82,9,6,0,5,0,Mon,8.933333333,57,213
0.36222,26,10,16,0,0,0,Wed,17.73333333,66,721
0.43746,87,9,8,0.1,7,2,Fri,8.733333333,60,252
0.43559,67,10,6,0,2,0,Fri,14.68333333,57,156
0.53191,73,10,7,0,5,0,Thu,9.466666667,65,626
0.7246,69,9,8,0,1,0,Fri,15.73333333,67,239
0.47375,67,10,9,0,4,0,Thu,11.91666667,62,243
0.35379,84,8,5,0,7,0,Thu,15.01666667,56,359
0.43746,64,10,5,0,1,0,Wed,8.866666667,55,369
0.46099,69,6,3,0,2,1,Tue,11.81666667,55,665
0.35379,55,10,8,0,1,0,Thu,16.2,64,572
0.54976,48,10,13,0,1,0,Tue,9.133333333,57,952
0.55166,87,7,2,0,3,1,Mon,16.76666667,49,1029
0.48277,64,10,16,0,1,0,Tue,16.33333333,62,911
0.48189,65,10,11,0,6,0,Sun,8.65,69,497
0.7246,71,10,11,0,4,0,Wed,17.98333333,66,394
0.35379,71,10,11,0,4,0,Wed,13.08333333,66,246
0.43617,70,10,9,0,2,0,Thu,17.3,61,422
0.46099,79,8,6,0.43,6,2,Thu,22.36666667,65,581
0.55166,58,10,5,0,2,1,Tue,17.56666667,50,608
0.40089,67,10,7,0,4,0,Tue,17.21666667,68,763
0.65663,72,10,11,0,5,0,Tue,20.23333333,57,687
0.39547,74,10,10,0,5,0,Fri,12.91666667,68,394
0.38202,66,10,5,0,7,0,Mon,16.88333333,61,458
0.43617,67,10,9,0,4,0,Thu,16.63333333,62,130
0.51441,71,9,12,0,5,0,Tue,19.9,62,406
0.54976,63,10,5,0,4,0,Mon,19.55,55,302
0.44983,76,9,10,0.01,8,2,Thu,17.21666667,63,898
0.43746,56,8,3,0,3,0,Fri,7.5,55,766
0.35379,70,10,11,0,6,0,Fri,17.13333333,66,787
0.44983,71,10,12,0,6,0,Mon,9.2,68,684
0.43746,69,9,9,0,2,0,Tue,20.88333333,62,225
0.35379,67,10,9,0,1,0,Mon,18,69,701
0.40203,83,10,8,0.13,7,2,Wed,13.73333333,54,325
0.55166,71,10,9,0,4,0,Thu,7.816666667,67,539
0.39991,61,10,3,0,2,0,Wed,7.733333333,60,400
0.43746,70,10,13,0,2,0,Fri,10.25,69,290
0.43559,73,10,11,0,7,1,Thu,8.416666667,65,498
0.48277,46,10,5,0,0,0,Wed,17.68333333,46,199
0.451,82,9,6,0,4,1,Fri,8.6,57,390
0.67032,61,10,8,0,4,0,Thu,9.7,64,196
0.55839,63,10,7,0,2,0,Fri,8.866666667,56,816
0.40089,52,10,10,0,0,0,Thu,11.88333333,59,282
0.38632,69,9,10,0,4,0,Tue,17.16666667,67,480
0.43617,72,10,14,0,5,0,Mon,16.65,57,377
0.451,72,10,15,0,4,0,Mon,13.11666667,56,862
0.47853,73,10,8,0,5,0,Tue,15.98333333,66,537
0.55166,70,9,9,0,4,0,Wed,9.033333333,61,654
0.43746,74,10,9,0,4,0,Thu,9.75,68,982
0.36612,58,10,6,0,1,0,Thu,17.76666667,58,711
0.35379,69,9,11,0,3,0,Fri,19.75,66,337
0.44983,74,10,16,0,3,0,Mon,14.76666667,65,1097
0.54976,70,10,3,0,1,0,Fri,18.5,58,825
0.451,63,10,9,0,5,0,Mon,19,59,319
0.43559,71,10,4,0,3,1,Tue,14.61666667,54,486
0.7246,82,10,9,0,2,1,Fri,9.5,58,776
0.35379,86,7,12,1.43,7,2,Wed,16.5,61,516
0.35379,56,10,9,0,3,0,Wed,8.333333333,56,312
0.35379,72,10,7,0,5,0,Tue,17.93333333,65,715
0.54976,62,10,6,0,0,0,Tue,17.88333333,72,252
0.40089,50,10,3,0,1,0,Mon,20.6,55,594
0.43738,71,10,9,0,3,0,Fri,9.883333333,56,556
0.67032,71,10,6,0,4,0,Sat,11.3,64,1428
0.46099,72,10,13,0,8,0,Mon,16.95,57,961
0.54976,72,10,14,0,5,0,Mon,8.483333333,57,695
0.46099,60,9,2,0,3,0,Sun,11.01666667,50,1839
0.55166,90,9,7,0.63,7,2,Wed,9.466666667,55,656
0.54102,57,10,4,0,0,0,Fri,8.95,63,2039
0.53191,73,10,7,0.09,6,2,Wed,5.766666667,49,332
0.65663,71,10,7,0,5,0,Thu,8.2,63,638
0.55117,66,10,2,0,3,0,Sun,9.483333333,52,286
0.55839,45,10,2,0,0,0,Thu,18.15,60,531
0.44983,73,10,10,0,6,0,Wed,13.46666667,60,299
0.39547,62,8,7,0,2,0,Thu,16.85,70,232
0.451,80,10,9,0,4,0,Thu,23.03333333,62,467
0.35379,87,9,8,0.1,7,2,Fri,18.25,60,439
0.65663,72,9,5,0,7,0,Mon,9.333333333,58,576
0.55166,77,8,12,0.63,7,2,Wed,9.133333333,58,254
0.55117,60,10,4,0,0,0,Fri,14.5,57,564
0.65663,58,10,6,0,1,0,Thu,13,58,1144
0.451,73,10,13,0,6,0,Mon,7.816666667,67,1271
0.7246,66,10,10,0,6,0,Tue,7.966666667,68,343
0.40089,69,10,4,0,2,0,Mon,10.05,57,228
0.7246,74,10,12,0,8,0,Fri,9.683333333,59,515
0.55839,72,8,15,0.52,6,2,Tue,9.316666667,55,571
0.54102,76,8,13,0.57,6,2,Mon,9.266666667,53,483
0.67032,69,10,9,0,1,0,Wed,7.3,68,213
0.36222,73,9,3,0,2,0,Wed,9.233333333,55,308
0.69734,68,10,9,0,4,0,Wed,11.53333333,70,775
0.451,66,9,11,0,6,0,Wed,14.76666667,69,668
0.46099,72,10,13,0,8,0,Mon,9.766666667,57,1054
0.55166,72,10,19,0,4,0,Wed,12.83333333,68,836
0.39547,63,10,5,0,4,0,Mon,9.266666667,55,218
0.43746,78,10,9,0,7,0,Sat,18.06666667,59,840
0.39991,76,10,3,0,4,1,Mon,7.15,49,379
0.54976,71,10,7,0,2,0,Sat,16.9,56,314
0.55166,69,10,9,0,5,0,Tue,19.13333333,59,1194
0.7246,68,10,6,0,5,0,Thu,20.35,61,849
0.43746,77,10,9,0,6,0,Tue,14.61666667,58,594
0.48277,64,10,2,0,4,0,Fri,13.38333333,50,534
0.55839,63,10,8,0,0,0,Fri,7.316666667,56,982
0.54102,54,10,4,0,0,0,Thu,17.4,59,322
0.55839,69,10,11,0,3,0,Mon,9.316666667,51,302
0.38632,87,6,8,0,6,1,Thu,12.91666667,59,509
0.40089,64,9,8,0,2,0,Wed,17.71666667,62,545
0.54976,48,10,2,0,3,0,Tue,13,56,750
0.55166,86,5,5,0,8,1,Tue,7.466666667,56,420
0.43746,58,10,10,0,0,0,Thu,8.8,67,433
0.39991,72,10,9,0,4,0,Fri,19.7,67,455
0.43746,71,10,10,0,5,0,Wed,16.9,68,590
0.43746,69,10,2,0,1,0,Wed,13.85,51,339
0.48189,63,10,4,0,1,0,Wed,8.966666667,64,648
0.54976,69,9,9,0,2,0,Tue,8.183333333,62,684
0.53191,77,10,9,0,6,0,Tue,15.41666667,58,353
0.48277,72,10,9,0,4,0,Fri,9.35,67,1171
0.46099,62,10,8,0,0,0,Sun,12.18333333,67,614
0.48277,73,10,10,0,5,0,Tue,19.35,64,814
0.38632,66,10,9,0,4,0,Mon,20.6,69,638
0.36612,71,10,8,0,5,0,Thu,14.7,68,404
0.451,86,7,7,0.2,7,2,Thu,21.2,60,377
0.451,64,10,12,0,4,0,Mon,8.75,64,436
0.35379,72,10,11,0,6,0,Sat,15.61666667,58,4053
0.48277,73,10,10,0,6,0,Wed,17.2,60,527
0.47853,60,10,18,0,3,0,Tue,17.08333333,58,641
0.7246,73,10,7,0,5,0,Thu,23.31666667,65,1044
0.43617,64,10,10,0.01,5,2,Tue,18.93333333,70,310
0.7246,65,10,6,0,1,1,Mon,8.483333333,68,855
0.47853,66,10,12,0,5,0,Wed,15.1,64,619
0.79628,69,10,15,0,5,0,Mon,10.63333333,57,528
0.451,81,8,8,0,4,0,Thu,16.73333333,65,823
0.55117,72,10,3,0,5,0,Mon,7.083333333,51,829
0.36222,55,10,8,0,1,0,Thu,11.36666667,64,426
0.55166,49,10,5,0,0,0,Mon,10.6,64,446
0.43746,66,10,10,0,6,0,Tue,10.35,68,366
0.44983,56,10,9,0,0,0,Mon,17.65,56,553
0.36612,77,9,9,0,3,0,Sat,14.61666667,65,1032
0.44983,72,10,15,0,4,0,Mon,18.98333333,56,269
0.69734,71,10,9,0,2,0,Fri,8.9,64,629
0.39547,92,9,11,0.23,8,2,Fri,14.23333333,54,179
0.48189,73,10,9,0,6,0,Thu,5.85,57,471
0.451,66,10,12,0,5,0,Wed,17.7,64,303
0.43746,73,8,6,0.26,8,2,Wed,18.9,60,612
0.46099,68,10,19,0,2,0,Fri,13.25,56,351
0.451,73,10,13,0,6,0,Tue,20.75,67,587
0.54102,71,10,13,0,8,0,Wed,7.8,65,188
0.71472,64,10,7,0,1,0,Sun,8.25,54,615
0.40203,70,10,9,0,6,0,Sat,14.45,66,2975
0.47375,87,8,5,0.01,6,3,Thu,9.116666667,60,585
0.40203,71,10,10,0,5,0,Wed,17.85,68,839
0.46099,66,10,10,0,4,0,Fri,8.583333333,64,409
0.39991,26,10,16,0,0,0,Wed,16.63333333,66,382
0.55839,63,10,9,0,3,0,Mon,6.7,70,913
0.48277,75,10,4,0.01,5,1,Thu,18.03333333,64,277
0.39991,73,10,10,0,6,0,Wed,7.183333333,60,391
0.48277,63,10,9,0,5,0,Mon,9.55,59,191
0.67032,73,10,9,0,6,0,Thu,10.96666667,57,904
0.46099,71,10,7,0,5,0,Thu,8.983333333,63,706
0.35379,45,10,2,0,0,0,Thu,11.85,60,387
0.7246,75,10,8,0,4,0,Wed,20.28333333,59,260
0.451,71,10,6,0,1,0,Wed,21.18333333,58,379
0.48277,80,10,9,0,6,0,Fri,9.183333333,61,315
0.54976,88,9,4,0.32,7,2,Sun,12.41666667,56,713
0.51441,73,10,7,0,5,0,Thu,10.46666667,65,251
0.54976,53,10,7,0,0,0,Wed,7.416666667,68,1012
0.43738,69,10,8,0,3,0,Wed,9.216666667,67,472
0.67032,70,10,8,0,3,0,Fri,17.73333333,58,402
0.48277,74,10,11,0,5,0,Thu,11.4,68,456
0.55839,40,10,5,0,0,0,Tue,19.36666667,67,381
0.54102,71,10,8,0,5,0,Thu,20.83333333,68,178
0.36608,62,10,5,0,6,0,Sun,12,62,2406
0.47375,63,9,7,0,0,0,Sat,15.13333333,58,544
0.43746,50,10,6,0,4,0,Mon,8.4,57,634
0.37521,71,10,9,0,4,0,Thu,7.033333333,67,213
0.451,64,10,17,0,4,0,Mon,9.25,61,432
0.67032,74,7,4,0,7,0,Fri,18.81666667,55,1082
0.54976,64,10,5,0,1,0,Wed,9.033333333,55,700
0.36222,80,8,5,0,7,0,Fri,6.4,61,276
0.43617,73,10,5,0,1,0,Wed,17.05,51,364
0.38632,74,9,9,0.01,6,2,Wed,17.86666667,71,362
0.39547,84,4,4,0,5,1,Thu,17.95,50,202
0.451,75,10,9,0,3,0,Sat,21,63,149
0.7246,73,9,3,0,2,0,Wed,16.3,55,652
0.451,83,8,2,0,7,1,Tue,11.05,59,417
0.40203,69,10,4,0,3,0,Thu,8.266666667,61,399
0.67032,72,10,10,0,5,0,Mon,14.05,65,876
0.55117,77,10,8,0,3,1,Wed,8.583333333,60,375
0.54976,68,10,2,0,3,0,Thu,9.533333333,58,412
0.65663,78,10,9,0,5,0,Tue,18.2,63,1464
0.43617,51,9,5,0,0,0,Thu,8.05,57,357
0.55166,69,10,8,0,3,0,Wed,7.4,67,670
0.55117,70,10,10,0,1,0,Sun,10.78333333,63,1189
0.38632,66,10,5,0,7,0,Mon,21.98333333,61,240
0.54976,60,10,8,0,4,0,Fri,9.383333333,77,690
0.43738,65,10,16,0,5,0,Mon,17.58333333,62,348
0.55166,65,10,16,0,5,0,Mon,17.63333333,62,750
0.46099,63,10,11,0,5,0,Mon,17.63333333,68,396
0.55117,66,10,7,0,2,0,Wed,8.566666667,57,470
0.48277,63,10,7,0,2,0,Fri,8.666666667,56,727
0.39991,68,10,8,0.01,3,0,Sun,13.91666667,57,835
0.55839,52,10,12,0,2,0,Thu,15.68333333,53,443
0.43746,78,9,11,0,7,0,Mon,17.6,58,414
0.65663,59,10,2,0,0,0,Sat,10.88333333,52,680
0.65663,75,10,8,0,4,0,Mon,14.26666667,56,578
0.54102,58,10,5,0,2,1,Tue,14.06666667,50,453
0.44983,71,10,9,0,4,0,Thu,16.73333333,67,1098
0.451,62,10,6,0,0,0,Tue,19.86666667,72,749
0.38202,61,10,5,0,1,0,Thu,9.366666667,62,821
0.46099,65,10,6,0,1,1,Mon,8.633333333,68,493
0.43746,73,10,10,0,6,0,Wed,12.38333333,60,508
0.37521,68,10,13,0,4,0,Thu,14.6,68,425
0.44983,45,10,2,0,0,0,Thu,11.76666667,60,550
0.39991,86,7,7,0.2,7,2,Thu,18.45,60,469
0.36222,72,10,6,0.19,7,2,Sun,8.816666667,54,413
0.54976,70,10,2,0,1,0,Mon,10.35,53,835
0.55839,62,8,7,0,2,0,Thu,16.76666667,70,549
0.38632,61,10,3,0,2,0,Wed,10.43333333,60,447
0.55166,72,10,13,0,8,0,Mon,7.133333333,57,814
0.35379,66,10,7,0,1,0,Sun,13.38333333,60,232
0.47853,68,10,13,0,4,0,Thu,9.633333333,68,1986
0.39991,69,10,9,0,4,0,Fri,11.33333333,62,871
0.38632,44,10,3,0,0,0,Wed,13.2,61,399
0.39547,69,10,10,0,4,0,Mon,17.86666667,68,553
0.54976,56,10,9,0,0,0,Mon,8.166666667,56,553
0.55166,43,10,5,0,1,0,Tue,7.7,74,753
0.39547,59,10,10,0,2,0,Tue,17.25,62,1964
0.65663,79,10,9,0,6,0,Sat,16.15,67,941
0.43746,74,10,6,0,5,0,Thu,15.7,63,573
0.38632,73,9,3,0,2,0,Wed,17.31666667,55,433
0.55839,72,10,10,0,6,0,Fri,14.18333333,61,468
0.65663,71,10,5,0,2,0,Tue,17.13333333,53,690
0.55839,80,10,9,0,6,0,Fri,16.51666667,61,705
0.38202,61,10,5,0,1,0,Thu,17.06666667,62,736
0.36222,64,9,8,0,2,0,Wed,11.73333333,62,376
0.51441,66,9,5,0,1,0,Wed,12.36666667,68,251
0.38632,92,7,6,0,6,1,Wed,9.7,51,539
0.39991,60,6,3,0,6,0,Tue,18.58333333,53,140
0.55839,50,10,6,0,2,0,Mon,17.13333333,66,375
0.40089,68,10,4,0,2,1,Tue,13.83333333,58,161
0.55166,66,9,5,0,1,0,Wed,8.133333333,68,822
0.39547,64,10,4,0,6,0,Tue,21.35,57,301
0.65663,72,10,10,0,6,0,Fri,21.83333333,61,600
0.35379,61,10,5,0,1,0,Thu,16.15,62,241
0.44983,87,8,5,0,3,1,Fri,13.01666667,54,414
0.35379,50,10,8,0,1,0,Wed,12.38333333,59,385
0.43617,72,10,9,0,4,0,Thu,17.86666667,68,275
0.40203,69,10,9,0,4,0,Fri,16.68333333,62,710
0.39991,76,8,2,0,6,0,Thu,7.533333333,52,409
0.451,75,10,6,0,7,0,Thu,9.533333333,56,281
0.55839,73,10,9,0,6,0,Thu,10.81666667,57,228
0.35379,74,10,8,0,5,0,Fri,21.06666667,69,1087
0.79628,69,10,9,0,5,0,Tue,16.93333333,59,427
0.36608,56,10,7,0,0,0,Thu,17.13333333,68,388
0.7246,60,10,4,0,0,0,Fri,19.38333333,57,650
0.55166,71,10,9,0,2,0,Fri,18.06666667,65,747
0.55117,69,10,11,0,3,0,Sun,11.41666667,70,1935
0.54976,67,10,11,0,4,0,Sat,16.01666667,54,593
0.38632,56,8,3,0,3,0,Fri,12.73333333,55,611
0.67032,77,9,5,0,5,0,Mon,18.03333333,55,209
0.47853,61,10,8,0,5,0,Thu,20.93333333,60,169
0.39547,68,10,9,0,5,0,Wed,12.56666667,68,150
0.54102,74,10,9,0,4,0,Fri,8.183333333,61,587
0.67032,68,9,3,0,4,0,Mon,17.08333333,46,207
0.54976,90,8,9,1.18,8,2,Tue,18.53333333,58,238
0.43559,68,10,4,0,2,1,Tue,8.933333333,58,299
0.43746,62,10,6,0,0,0,Tue,7.35,72,945
0.51441,40,10,5,0.01,4,0,Sun,13.78333333,70,634
0.39991,66,10,10,0,1,0,Fri,7.7,60,259
0.65663,54,10,4,0,0,0,Thu,22.81666667,59,1261
0.55166,75,10,7,0,2,0,Thu,18.85,58,370
0.38202,63,10,4,0,1,0,Wed,14.01666667,64,111
0.39547,52,10,0,0,5,0,Wed,15.16666667,61,382
0.35379,69,10,9,0,4,0,Fri,11.05,62,63
0.37521,66,10,7,0,2,0,Wed,6.483333333,57,5648
0.54976,63,10,7,0,0,0,Fri,19.15,60,656
0.43746,72,10,3,0,5,0,Mon,8.7,51,445
0.43746,63,10,6,0,4,0,Thu,16.01666667,55,7976
0.39547,80,9,11,0.65,7,2,Tue,8.466666667,56,512
0.48189,67,10,11,0,2,0,Tue,19,68,637
0.54102,70,10,10,0,1,0,Sun,15.65,63,3562
0.39547,64,10,14,0,5,0,Mon,14.7,70,337
0.79628,65,10,4,0,5,0,Fri,18.56666667,62,1521
0.7246,77,10,9,0,6,0,Tue,12.13333333,58,705
0.48277,76,10,9,0,5,0,Fri,17.51666667,64,578
0.35379,68,10,6,0,6,0,Tue,12.61666667,66,345
0.67032,70,10,10,0,5,0,Thu,20.91666667,58,524
0.55839,60,10,10,0,1,0,Wed,9.816666667,66,476
0.36612,73,10,8,0,5,0,Tue,11.06666667,66,690
0.67032,78,10,9,0,2,0,Sat,13.35,56,1505
0.7246,72,10,7,0,5,0,Tue,17.61666667,65,515
0.7246,63,10,6,0,4,0,Thu,8.983333333,55,347
0.55166,59,10,10,0,2,0,Tue,9.75,62,302
0.37521,67,10,9,0,1,0,Mon,23.11666667,69,293
0.35379,65,9,6,0,4,0,Wed,15.95,69,1281
0.36608,72,10,15,0,4,0,Mon,16.4,56,390
0.48277,68,10,9,0,3,0,Wed,17.8,64,542
0.55117,71,10,10,0,5,0,Wed,6.383333333,68,491
0.65663,60,10,18,0,3,0,Tue,11.25,58,450
0.40089,71,10,10,0,6,0,Mon,16.88333333,67,560
0.46099,71,10,9,0,4,0,Fri,9.8,69,390
0.46099,72,10,11,0,6,0,Thu,13.56666667,62,460
0.46099,73,9,10,0,3,0,Thu,13.1,59,890
0.54976,87,9,3,0.48,7,2,Fri,18.56666667,53,516
0.451,80,10,8,0,5,0,Tue,13.05,55,395
0.65663,80,10,8,0,5,0,Tue,16.58333333,55,540
0.71472,65,10,6,0,1,0,Mon,12.55,58,1218
0.39991,71,10,10,0,5,0,Wed,14.96666667,68,230
0.46099,54,10,4,0,0,0,Thu,12.01666667,59,325
0.36222,68,10,14,0,5,0,Thu,15.96666667,61,875
0.55839,89,4,3,0,4,1,Mon,11.61666667,57,527
0.43746,71,10,8,0,4,0,Thu,8.183333333,68,519
0.7246,86,5,5,0,8,1,Tue,19.71666667,56,1045
0.43559,79,10,7,0,5,0,Fri,13.35,66,420
0.36608,72,10,3,0,5,0,Mon,15.1,51,830
0.44983,69,10,11,0,5,0,Tue,9.166666667,67,252
0.37521,56,10,3,0,2,0,Tue,17.86666667,43,384
0.40203,74,9,9,0,3,0,Fri,14.35,65,407
0.46099,71,10,7,0,2,0,Sat,12.36666667,56,392
0.35379,65,9,6,0,4,0,Wed,17.4,69,740
0.69734,43,10,5,0,1,0,Tue,15.91666667,74,783
0.38632,66,10,10,0,1,0,Fri,21.4,60,549
0.46099,71,10,12,0,6,0,Thu,8.483333333,66,502
0.7246,67,10,7,0,1,0,Mon,16.56666667,59,473
0.40089,61,10,5,0,1,0,Thu,16.26666667,62,911
0.55117,67,10,7,0,4,0,Tue,11.31666667,68,152
0.69734,74,7,4,0,7,0,Fri,15.4,55,798
0.7246,58,10,11,0,1,0,Tue,19.2,61,750
0.53191,70,10,11,0,2,0,Sun,15.78333333,65,682
0.55166,69,10,11,0,5,0,Tue,13.1,67,807
0.46099,69,6,3,0,2,1,Tue,20.35,55,328
0.55166,73,9,10,0,5,0,Mon,18.36666667,59,881
0.55839,70,10,8,0,5,0,Sat,10.7,59,453
0.65663,62,8,7,0,2,0,Thu,17.3,70,485
0.65663,72,9,13,0.69,7,2,Tue,7.7,52,353
0.40089,68,10,11,0,5,0,Wed,12.81666667,63,720
0.36612,64,10,5,0,1,0,Wed,8.916666667,55,219
0.54976,71,10,9,0.02,5,2,Thu,10.26666667,59,536
0.48189,66,10,7,0,2,0,Wed,17.4,57,795
0.47375,62,10,8,0,0,0,Sun,19.13333333,67,410
0.67032,59,10,8,0,1,0,Mon,18.26666667,72,695
0.451,70,10,3,0,1,0,Fri,15.53333333,58,477
0.39547,69,10,10,0,0,0,Wed,16.98333333,70,446
0.39991,79,10,5,0,4,0,Wed,16.15,57,711
0.54102,66,9,3,0,1,0,Fri,11.81666667,52,1565
0.35379,74,7,4,0,7,0,Fri,17.06666667,55,344
0.40203,74,10,10,0,3,0,Fri,14.68333333,61,352
0.54976,70,10,6,0,1,1,Tue,20.81666667,60,279
0.39547,69,10,8,0,3,0,Wed,18,67,328
0.54976,64,10,9,0,3,0,Mon,9.866666667,70,712
0.43746,56,10,9,0,3,0,Wed,16.86666667,56,554
0.55166,68,10,19,0,2,0,Fri,17.53333333,56,375
0.38202,70,10,13,0,2,0,Fri,12,69,8315
0.7246,72,10,3,0,5,0,Mon,16.71666667,51,539
0.54102,76,10,9,0,7,0,Mon,17.05,62,491
0.35379,72,8,2,0,0,0,Tue,15.83333333,49,1218
0.69734,64,10,12,0,4,0,Mon,17.81666667,64,646
0.35379,81,10,5,0,7,0,Tue,17.33333333,59,311
0.46099,69,10,9,0,4,0,Sun,15.58333333,61,3680
0.451,67,10,10,0,4,0,Wed,12.85,68,363
0.54976,92,10,9,0,6,0,Tue,19.08333333,53,231
0.48189,75,10,9,0,7,0,Fri,17.76666667,58,423
0.65663,71,10,9,0,2,0,Fri,16.68333333,64,617
0.71472,78,10,11,0,6,0,Sat,19.01666667,66,1323
0.38632,73,10,9,0,5,0,Wed,9.65,59,408
0.38202,69,10,10,0,4,0,Fri,13.58333333,69,511
0.37521,47,10,5,0,0,0,Fri,17.75,72,458
0.47375,87,9,3,0.48,7,2,Fri,12.3,53,127
0.55166,68,10,14,0,5,0,Thu,9.083333333,61,429
0.55166,68,10,19,0,2,0,Fri,7.083333333,56,654
0.46099,71,10,9,0,4,0,Sun,14.01666667,65,590
0.67032,84,10,13,0,5,0,Thu,16.03333333,56,370
0.7246,83,10,7,0.08,7,2,Sat,15.58333333,59,3892
0.65663,70,10,12,0,6,0,Fri,7.433333333,59,882
0.39547,62,8,7,0,2,0,Thu,20.56666667,70,558
0.43617,67,10,7,0,1,0,Mon,6.883333333,59,270
0.37521,61,10,2,0,5,0,Mon,16.55,52,486
0.36222,63,10,7,0,0,0,Thu,12.58333333,68,446
0.47375,75,10,9,0,6,0,Sun,11.11666667,57,598
0.43617,76,10,3,0,4,1,Mon,7.066666667,49,249
0.7246,60,10,10,0,1,0,Wed,18.61666667,66,555
0.67032,78,10,3,0,4,0,Wed,13.81666667,53,255
0.48277,72,10,9,0,4,0,Fri,19.38333333,67,352
0.451,61,10,4,0,1,1,Sat,12.25,59,5021
0.54976,71,10,8,0,3,1,Sat,14.55,68,591
0.47853,73,10,11,0,6,0,Mon,8.566666667,60,353
0.55166,50,10,8,0,1,0,Wed,9.166666667,59,278
0.55839,68,10,2,0,3,0,Thu,9.366666667,58,455
0.7246,71,10,10,0,3,0,Tue,20.33333333,62,492
0.36612,83,8,3,0,4,0,Mon,16.58333333,54,359
0.39991,73,10,10,0,6,0,Wed,17.66666667,60,512
0.55166,72,10,5,0.02,5,2,Wed,7.666666667,58,572
0.79628,81,5,4,0.01,3,1,Fri,8.516666667,60,850
0.39991,87,9,3,0.48,7,2,Fri,16.23333333,53,635
0.46099,65,10,9,0,0,0,Sat,16.88333333,62,917
0.7246,54,10,2,0,1,0,Sun,16.23333333,55,543
0.53191,73,9,10,0,5,0,Mon,15.63333333,59,4567
0.47375,56,10,4,0.11,7,2,Wed,13.15,61,596
0.55839,69,9,9,0,4,0,Sat,11.93333333,66,887
0.67032,68,10,9,0,3,0,Wed,18.21666667,64,436
0.67032,88,9,6,0.18,7,3,Wed,8.85,64,807
0.55839,81,5,4,0.01,3,1,Fri,18.53333333,60,263
0.7246,66,10,7,0,2,0,Wed,19.88333333,57,851
0.40089,74,9,11,0,3,0,Thu,17.91666667,60,645
0.54976,69,10,8,0,3,0,Wed,10.86666667,67,591
0.39991,53,10,11,0,0,0,Thu,16.38333333,62,496
0.55166,92,6,6,0.09,6,3,Sun,17.13333333,60,216
0.46099,80,10,7,0,3,0,Sun,12.06666667,63,680
0.35379,72,10,19,0,4,0,Wed,17.7,68,454
0.35379,66,10,4,0,5,0,Fri,17.7,61,500
0.55839,71,10,6,0,4,0,Sat,13.01666667,64,2015
0.55166,71,10,9,0,4,0,Sun,21,65,458
0.51441,68,10,9,0,4,0,Wed,13.93333333,70,1809
0.54976,66,10,10,0,1,0,Fri,8.9,60,1173
0.43746,75,10,9,0,7,0,Fri,11.68333333,58,193
0.54976,86,5,5,0,8,1,Tue,6.516666667,56,232
0.54102,52,10,4,0,2,0,Tue,21.56666667,67,790
0.54976,73,10,11,0,6,0,Tue,18.6,68,740
0.43746,72,8,10,0,4,0,Tue,8.75,68,1363
0.79628,73,10,7,0.09,6,2,Wed,7.666666667,49,861
0.36608,70,10,5,0,3,0,Wed,17.55,55,230
0.54976,71,10,10,0,3,0,Tue,21.4,62,516
0.7246,53,10,6,0,1,0,Mon,19.31666667,67,719
0.36608,71,10,6,0,1,0,Wed,9.633333333,58,526
0.7246,69,9,11,0,3,0,Fri,12.66666667,66,1613
0.67032,68,10,4,0,2,1,Tue,13.71666667,58,501
0.36608,82,10,9,0,2,1,Fri,19.1,58,354
0.36608,74,7,4,0,7,0,Fri,17.43333333,55,527
0.451,61,10,5,0,1,0,Thu,13.36666667,62,5283
0.43746,73,10,11,0,7,0,Mon,17.13333333,55,421
0.67032,79,9,9,0.01,7,0,Wed,21.41666667,56,664
0.54102,67,10,12,0,4,0,Sun,10.18333333,60,838
0.40203,67,9,10,0,1,0,Mon,18.61666667,68,659
0.43746,72,10,12,0,6,0,Mon,9.116666667,58,448
0.38632,71,10,10,0,5,0,Wed,18.35,68,313
0.35379,72,10,5,0,3,0,Sun,8.95,58,618
0.67032,64,10,12,0,4,0,Wed,6.533333333,58,9101
0.451,58,10,6,0,1,0,Thu,19.11666667,58,547
0.54102,64,10,7,0,0,0,Mon,18.73333333,70,175
0.55839,47,10,13,0,0,0,Thu,18.1,62,517
0.40089,67,10,7,0,1,0,Mon,17.68333333,59,534
0.65663,57,10,6,0,2,0,Thu,8.4,72,424
0.36608,67,10,9,0,1,1,Sat,0.066666667,60,230
0.39991,71,10,4,0,1,0,Tue,8.916666667,57,755
0.451,60,10,6,0,3,0,Sun,19.23333333,63,7713
0.53191,70,10,6,0,1,0,Wed,6.866666667,60,1284
0.43746,53,10,12,0,2,0,Sat,14.1,61,1063
0.55166,74,10,6,0,5,0,Thu,7.783333333,63,846
0.36608,71,10,13,0,8,0,Wed,16.73333333,65,325
0.55166,72,10,10,0,5,0,Mon,8.95,65,995
0.36608,82,5,10,0,5,1,Tue,18.53333333,56,510
0.69734,71,10,4,0,1,0,Sun,16.08333333,55,300
0.54976,74,9,9,0,3,0,Fri,17.2,65,865
0.48277,52,10,0,0,5,0,Wed,9.716666667,61,570
0.39991,72,10,14,0.01,4,0,Wed,17.11666667,57,455
0.39991,73,10,11,0,6,0,Mon,16.76666667,60,401
0.36222,70,10,10,0,4,0,Thu,7.916666667,70,370
0.39991,72,10,22,0,3,0,Tue,11.11666667,63,659
0.65663,69,10,8,0,3,0,Sun,12.6,69,10797
0.36222,60,10,9,0,1,0,Sat,11.68333333,66,29978
0.48189,68,10,7,0,3,0,Sun,12.68333333,57,268
0.47375,55,10,5,0,1,0,Tue,13.46666667,57,633
0.43738,71,10,9,0,4,0,Fri,10.08333333,69,825
0.67032,78,9,6,0,6,0,Tue,12.2,55,437
0.55166,81,5,4,0.01,3,1,Fri,8.783333333,60,902
0.36612,52,10,4,0,2,0,Tue,17.85,67,363
0.65663,68,10,13,0,5,0,Thu,18.03333333,65,1121
0.35379,73,10,11,0,7,1,Thu,9.75,65,242
0.69734,63,10,8,0,0,0,Fri,9.95,56,578
0.37521,72,10,7,0,5,0,Tue,12.93333333,65,428
0.65663,71,10,9,0,2,0,Fri,17.31666667,65,411
0.40203,72,10,14,0.01,4,0,Wed,18.76666667,57,569
0.43746,68,10,2,0,3,0,Thu,17.01666667,58,490
0.55117,64,10,6,0,2,0,Sat,8.9,65,257
0.37521,73,7,3,0,3,1,Tue,14.93333333,50,254
0.43746,69,10,4,0,3,0,Thu,7.366666667,61,904
0.36612,68,9,9,0.01,5,2,Mon,16.76666667,62,710
0.39991,51,10,6,0,0,0,Thu,8.166666667,70,939
0.69734,74,10,7,0,4,0,Tue,18.1,65,497
0.55166,72,10,11,0,6,0,Wed,10.75,64,528
0.39991,84,8,5,0,7,0,Thu,17.6,56,255
0.67032,74,10,11,0,5,0,Thu,9.766666667,68,254
0.54976,77,9,5,0,5,0,Mon,7.55,55,581
0.38632,64,10,9,0,2,0,Tue,21.3,69,910
0.67032,68,9,3,0,4,0,Mon,8.283333333,46,447
0.46099,70,10,6,0,3,0,Tue,16.88333333,67,764
0.46099,64,9,8,0,2,0,Wed,17.81666667,62,2331
0.48277,58,10,6,0,1,0,Mon,17.65,59,332
0.55839,70,10,9,0,6,0,Tue,17.75,65,426
0.67032,72,10,9,0,4,0,Sat,18.88333333,56,204
0.55839,69,10,15,0,5,0,Mon,8.533333333,57,352
0.55839,71,10,9,0,4,0,Fri,17.55,69,246
0.37521,82,5,10,0,5,1,Tue,9.9,56,519
0.47375,69,10,8,0,2,0,Sun,10.88333333,67,11747
0.46099,76,9,6,0,3,0,Thu,21.03333333,56,783
0.7246,72,10,11,0,5,0,Tue,18.06666667,57,623
0.53191,76,10,9,0,7,0,Mon,5.85,62,286
0.55839,44,10,4,0,1,0,Tue,7.55,61,647
0.48277,55,10,5,0,7,0,Tue,18.7,54,217
0.53191,87,9,3,0.48,7,2,Fri,5.633333333,53,29067
0.48277,74,9,11,0,3,0,Thu,20.16666667,60,301
0.51441,66,9,11,0,6,0,Wed,17.25,69,470
0.48277,69,10,10,0,4,0,Mon,16.18333333,68,565
0.65663,53,10,11,0,0,0,Thu,17.23333333,62,972
0.38632,63,10,7,0,2,0,Fri,15.36666667,56,274
0.451,44,10,3,0,0,0,Wed,21.65,61,306
0.55117,73,7,3,0,3,1,Tue,11.83333333,50,368
0.51441,61,10,8,0,5,0,Thu,11.75,60,1077
0.40089,73,9,6,0,2,0,Thu,17.88333333,51,442
0.53191,78,10,11,0,6,0,Tue,11.9,61,389
0.55839,70,10,7,0,4,0,Sat,16.25,60,815
0.55166,52,10,6,0,2,0,Wed,9.55,59,564
0.65663,63,10,6,0,4,0,Thu,19.01666667,55,522
0.55839,69,9,8,0,1,0,Fri,17.13333333,67,556
0.43617,74,9,11,0,3,0,Thu,18.86666667,60,532
0.38202,59,10,4,0,3,0,Fri,9.75,54,605
0.44983,64,10,10,0,4,0,Sun,10.7,56,1528
0.35379,65,10,6,0,1,1,Mon,16.53333333,68,346
0.38632,73,10,13,0,6,0,Mon,17.76666667,67,427
0.55839,60,10,8,0,4,0,Fri,10.61666667,77,1317
0.43617,71,10,13,0,8,0,Wed,21.28333333,65,491
0.48277,64,10,8,0,1,0,Tue,18.11666667,61,354
0.43559,71,10,6,0,1,0,Wed,17.13333333,58,745
0.55839,44,10,4,0,1,0,Tue,10.2,61,190
0.46099,69,10,9,0,4,0,Fri,19.11666667,62,597
0.43746,69,10,10,0,3,0,Mon,22.68333333,54,573
0.54102,50,10,6,0,2,0,Mon,10.01666667,66,836
0.7246,72,10,7,0,5,0,Tue,8.35,65,328
0.51441,70,10,13,0,2,0,Fri,14.91666667,69,705
0.43738,68,10,6,0,6,0,Tue,17.21666667,66,1305
0.43746,77,10,12,0,6,0,Mon,14.95,69,554
0.39991,64,10,8,0,1,0,Tue,8.766666667,61,797
0.55117,71,10,10,0,3,0,Tue,7.383333333,62,417
0.65663,63,10,10,0.03,7,2,Sat,11.21666667,62,1284
0.54102,69,10,9,0,4,0,Mon,8.6,67,678
0.55839,63,10,2,0,1,0,Mon,9.7,51,469
0.36612,76,10,9,0,5,0,Fri,20.43333333,64,440
0.39547,76,9,6,0,3,0,Thu,8.466666667,56,373
0.43746,66,10,10,0,6,0,Tue,8.066666667,68,605
0.35379,76,10,9,0,7,0,Mon,16.86666667,62,147
0.43746,66,10,10,0,4,0,Fri,17.58333333,64,676
0.39991,71,10,9,0,2,0,Fri,12.36666667,65,276
0.67032,57,10,4,0,0,0,Thu,15.86666667,56,217
0.46099,68,10,11,0,4,0,Tue,12.7,60,920
0.451,59,10,8,0,1,0,Mon,14,72,608
0.55166,58,10,1,0,3,0,Thu,11.86666667,53,1303
0.47375,73,10,9,0,5,0,Wed,8.05,59,134
0.48277,82,10,9,0,2,1,Fri,17.58333333,58,903
0.65663,50,10,6,0,4,0,Mon,8.3,57,340
0.65663,59,10,10,0,2,0,Tue,16.41666667,62,483
0.43559,71,10,12,0,6,0,Mon,14.7,68,412
0.54976,62,10,6,0,0,0,Tue,9.533333333,72,291
0.54976,46,10,7,0,0,0,Fri,17.23333333,66,572
0.37521,70,10,2,0,1,0,Mon,13.7,53,361
0.43559,70,10,6,0,3,0,Tue,18.31666667,67,560
0.35379,65,10,8,0,2,0,Fri,17.73333333,64,396
0.67032,72,9,12,0,6,0,Wed,8.066666667,51,231
0.47853,82,9,6,0,5,0,Mon,17.35,57,538
0.79628,30,10,14,0,1,0,Fri,9.6,63,646
0.40089,71,10,6,0,4,0,Sat,17.1,64,4754
0.54976,63,10,13,0,4,0,Mon,16.58333333,54,286
0.36612,45,10,6,0,2,0,Thu,17.88333333,71,840
0.35379,80,10,15,0,6,0,Fri,8.133333333,62,415
0.35379,46,10,7,0,0,0,Fri,10.88333333,66,2659
0.48189,70,10,7,0,3,0,Sun,18.65,66,405
0.36608,78,10,9,0.02,7,2,Sun,0.133333333,60,249
0.38202,66,10,5,0,7,0,Mon,8.7,61,370
0.451,69,10,11,0,5,0,Tue,23.58333333,67,108
0.46099,74,8,12,0.57,8,2,Fri,7.516666667,55,297
0.46099,68,10,13,0,4,0,Thu,11.63333333,68,234
0.36222,77,10,8,0,3,1,Wed,8.933333333,60,770
0.54976,73,10,7,0.09,6,2,Wed,9.183333333,49,756
0.55166,67,10,4,0,1,0,Thu,9.916666667,46,203
0.53191,47,10,13,0,0,0,Thu,20.53333333,62,442
0.36608,69,9,1,0,5,0,Wed,1.65,55,356
0.54976,65,10,4,0,5,0,Fri,15.31666667,62,296
0.35379,69,7,10,0,1,0,Mon,8.95,70,373
0.46099,36,10,5,0,0,0,Sat,18.28333333,69,846
0.65663,81,9,8,0,3,0,Sun,8.35,55,1662
0.53191,35,10,7,0,1,0,Mon,8.416666667,54,341
0.53191,75,10,9,0,7,0,Fri,18.08333333,58,286
0.43559,63,10,7,0,2,0,Fri,7.35,56,231
0.48277,52,10,10,0,0,0,Thu,13.03333333,59,308
0.451,77,10,9,0,6,0,Tue,10.9,58,390
0.48277,47,10,6,0,3,0,Thu,14.98333333,70,1405
0.55839,69,9,9,0,2,0,Tue,8.933333333,62,389
0.38202,72,10,9,0,4,0,Fri,8.633333333,67,657
0.36222,69,10,4,0,3,0,Thu,7.233333333,61,186
0.37521,40,10,5,0.01,4,0,Sun,11.31666667,70,3021
0.65663,64,10,1,0,1,0,Sun,12.08333333,54,4405
0.54102,77,9,7,0,2,1,Tue,8.066666667,62,297
0.43746,69,10,4,0,2,0,Mon,16.86666667,57,708
0.79628,78,9,6,0,6,0,Tue,11.68333333,55,635
0.44983,50,10,8,0,1,0,Wed,11.75,59,330
0.43559,67,10,9,0,3,0,Sat,10.56666667,68,1204
0.67032,86,6,5,0,5,1,Wed,17.95,55,262
0.36222,49,10,5,0,0,0,Mon,13.95,64,291
0.36608,80,10,9,0,3,0,Mon,13.08333333,55,245
0.55839,86,6,5,0,5,1,Wed,13.25,55,520
0.46099,57,9,1,0,0,0,Sat,11.36666667,55,27361
0.71472,51,10,6,0,0,0,Thu,10.25,70,273
0.43738,78,10,3,0,4,0,Wed,9.95,53,883
0.53191,89,9,6,0.03,6,2,Sat,11.16666667,59,760
0.43746,63,10,13,0,4,0,Mon,11.33333333,54,3406
0.451,58,10,6,0,1,0,Mon,12.88333333,59,148
0.48189,92,9,11,0.23,8,2,Fri,14.4,54,199
0.48277,58,10,6,0,1,0,Mon,8.666666667,59,388
0.54976,67,10,7,0,4,0,Tue,18.28333333,68,428
0.47853,60,6,3,0,6,0,Tue,16.6,53,497
0.67032,30,10,14,0,1,0,Fri,16.73333333,63,262
0.38202,50,10,8,0,1,0,Wed,9.966666667,59,398
0.7246,71,10,9,0,2,0,Fri,16.36666667,64,748
0.47375,68,10,9,0,3,0,Wed,18.01666667,58,859
0.65663,69,9,8,0,1,0,Fri,12.43333333,67,1791
0.55166,43,10,6,0,2,0,Wed,22.65,75,536
0.54102,70,10,12,0,6,0,Fri,20.61666667,59,726
0.65663,63,10,13,0.06,3,2,Sat,13.86666667,45,325
0.55166,70,10,6,0,1,1,Tue,9.566666667,60,656
0.55839,55,10,5,0,1,0,Tue,17.61666667,57,616
0.55166,67,10,7,0,4,0,Tue,8.766666667,68,933
0.43746,69,9,9,0,4,0,Sat,18.48333333,66,680
0.69734,74,9,9,0,3,0,Fri,9.35,65,689
0.39991,83,8,2,0,7,1,Tue,8.466666667,59,294
0.47853,72,10,3,0,5,0,Mon,15.31666667,51,200
0.39991,72,10,5,0.02,5,2,Wed,7.083333333,58,432
0.36222,77,10,8,0,4,0,Wed,9.633333333,64,932
0.55166,65,10,6,0,1,0,Mon,21.98333333,58,349
0.53191,66,10,9,0,4,0,Mon,10.66666667,69,2811
0.39991,65,10,3,0,3,0,Mon,12.75,51,328
0.40089,50,10,5,0,1,0,Fri,17.33333333,50,264
0.44983,60,10,8,0,4,0,Fri,15.6,77,270
0.43559,69,10,15,0,5,0,Mon,8.916666667,57,469
0.36222,56,10,4,0.11,7,2,Wed,8.9,61,478
0.36612,70,10,10,0,5,0,Thu,17.71666667,58,342
0.53191,72,9,12,0,6,0,Wed,7.483333333,51,932
0.55839,65,10,16,0,5,0,Mon,8.116666667,62,506
0.79628,70,10,9,0,6,0,Tue,14.01666667,65,915
0.40203,73,8,6,0.26,8,2,Wed,16.53333333,60,905
0.55166,77,10,8,0,3,1,Wed,8.716666667,60,262
0.48277,69,6,3,0,2,1,Tue,17.91666667,55,644
0.43559,78,9,11,0,7,0,Mon,13.51666667,58,662
0.39547,72,10,7,0,5,0,Tue,18.65,65,397
0.40089,74,10,8,0,5,0,Fri,16.66666667,69,357
0.55166,67,10,7,0,4,0,Tue,9.866666667,68,621
0.39991,72,10,14,0.01,4,0,Wed,17.38333333,57,190
0.47375,71,10,10,0,7,0,Mon,15.06666667,67,633
0.36608,67,10,5,0,2,0,Sat,18.21666667,57,202
0.451,77,10,16,0,7,0,Sat,0.6,62,323
0.48277,53,10,10,0,2,0,Sun,12.45,42,385
0.65663,66,10,7,0,1,0,Sun,13.8,60,819
0.54102,75,10,15,0,4,0,Sat,12.01666667,64,960
0.46099,74,10,9,0,4,0,Fri,7.583333333,61,467
0.43617,67,10,9,0,1,0,Mon,8.633333333,69,357
0.35379,71,10,10,0,6,0,Mon,17.15,67,467
0.38632,65,10,8,0,2,0,Fri,16.91666667,64,372
0.79628,70,10,9,0,3,0,Mon,12.01666667,67,399
0.53191,87,9,3,0.48,7,2,Fri,17.78333333,53,813
0.43617,60,9,2,0,3,0,Sun,10.43333333,50,716
0.451,71,10,11,0,6,0,Sun,15.91666667,68,527
0.46099,70,9,9,0,4,0,Wed,6.333333333,61,548
0.39547,68,10,9,0,3,0,Wed,16.81666667,58,417
0.55166,56,10,4,0.11,7,2,Wed,7.983333333,61,700
0.46099,69,10,14,0,4,0,Tue,8.033333333,51,492
0.38202,80,10,4,0,6,0,Mon,9,60,343
0.53191,71,10,12,0,6,0,Mon,22.86666667,68,179
0.55839,50,10,8,0,1,0,Wed,10.76666667,59,596
0.35379,70,10,11,0,1,0,Mon,8.866666667,66,751
0.51441,73,10,8,0,4,0,Sun,19.95,65,1601
0.451,69,9,11,0,3,0,Fri,8.733333333,66,315
0.48277,68,10,6,0,6,0,Tue,12.43333333,66,441
0.39547,75,10,12,0,6,0,Wed,17.65,58,394
0.67032,68,10,13,0,5,0,Thu,18.45,65,440
0.39547,76,9,6,0,3,0,Thu,17.2,56,230
0.46099,69,10,4,0,3,0,Thu,22.18333333,61,1011
0.37521,74,10,7,0.07,4,5,Sat,18.23333333,52,154
0.36222,55,10,5,0,1,0,Tue,16.48333333,57,512
0.43617,64,10,10,0,4,0,Sun,14.95,56,433
0.451,73,10,8,0,5,0,Tue,10.68333333,66,344
0.43559,67,10,14,0,2,0,Sat,8.316666667,56,630
0.55166,66,10,19,0,1,0,Tue,8.083333333,65,716
0.43617,71,9,8,0.32,6,2,Fri,13.66666667,56,635
0.43617,83,7,9,0,6,1,Wed,7.766666667,55,439
0.36612,69,10,15,0,5,0,Mon,16.95,57,599
0.36608,71,9,9,0,3,0,Sun,16.21666667,62,8304
0.40203,67,10,9,0,1,0,Mon,16.63333333,69,964
0.46099,72,10,11,0,6,0,Sat,8.983333333,58,2277
0.40203,70,10,3,0,1,0,Fri,20.4,58,556
0.38202,64,10,16,0,3,0,Sun,9.783333333,63,512
0.54976,54,10,2,0,5,0,Mon,19.93333333,54,226
0.65663,63,10,7,0,2,0,Fri,6.483333333,56,690
0.43746,72,8,2,0,0,0,Tue,9.35,49,754
0.79628,66,10,7,0,2,0,Wed,17.68333333,57,263
0.55839,71,10,9,0,5,0,Thu,16.11666667,66,441
0.451,50,10,6,0,2,0,Mon,8.083333333,66,734
0.47853,67,10,10,0,4,0,Wed,17.5,68,1348
0.43559,46,10,5,0,0,0,Wed,15.23333333,46,418
0.54976,70,9,9,0,4,0,Wed,15.43333333,61,586
0.39991,68,9,9,0.01,5,2,Mon,8.8,62,444
0.65663,72,10,11,0,6,0,Thu,16.06666667,62,1358
0.38202,60,10,9,0,1,0,Sat,13.65,66,577
0.43746,76,10,9,0,5,0,Fri,9.833333333,64,311
0.47375,72,10,13,0,8,0,Mon,15.23333333,57,667
0.40203,73,9,3,0,2,0,Wed,12.53333333,55,667
0.53191,56,10,9,0,0,0,Mon,20.4,56,89
0.55839,69,10,8,0,4,0,Wed,18.36666667,69,1206
0.35379,47,10,6,0,3,0,Thu,17.38333333,70,704
0.35379,71,10,9,0,2,0,Fri,17.18333333,64,515
0.37521,80,9,7,0.28,7,2,Tue,16.66666667,58,415
0.47853,75,10,4,0,3,0,Sun,12.83333333,47,118
0.55839,69,9,8,0,1,0,Fri,18.06666667,67,529
0.43746,72,10,9,0,5,0,Thu,7.95,65,486
0.67032,74,10,8,0,5,0,Fri,13.85,69,206
0.46099,46,10,9,0,3,0,Mon,14.38333333,68,2731
0.55166,67,10,7,0,4,0,Tue,8.383333333,50,689
0.36608,74,10,11,0,5,0,Thu,6.433333333,68,273
0.47375,52,10,6,0,2,0,Wed,15.51666667,59,318
0.54976,66,10,5,0,7,0,Mon,8.566666667,61,750
0.54102,71,10,4,0,3,1,Tue,9.433333333,54,390
0.39547,70,10,14,0,5,0,Mon,9.15,61,298
0.79628,69,10,8,0,5,0,Thu,17.9,54,982
0.36608,70,10,9,0,4,0,Fri,8.45,57,435
0.79628,73,10,7,0,5,0,Thu,7.816666667,65,604
0.37521,66,9,5,0,1,0,Wed,12.96666667,68,2457
0.451,86,7,12,1.43,7,2,Wed,14.16666667,61,310
0.43617,70,10,2,0,1,0,Mon,7.916666667,53,399
0.43738,82,5,10,0,5,1,Tue,17.08333333,56,3717
0.35379,63,10,11,0,5,0,Mon,16.13333333,68,523
0.43746,50,10,6,0,2,0,Mon,12,66,275
0.55166,70,10,10,0,6,0,Fri,6.683333333,65,728
0.54976,76,9,6,0,3,0,Thu,19.21666667,56,367
0.39991,78,9,11,0,7,0,Mon,7.95,58,303
0.36222,71,10,10,0,6,0,Mon,9.3,67,888
0.67032,86,5,5,0,8,1,Tue,14.23333333,56,716
0.67032,53,10,7,0,0,0,Wed,10.63333333,68,708
0.53191,56,10,7,0,1,0,Tue,14.06666667,62,280
0.43738,69,10,12,0,5,0,Sat,16.96666667,59,11297
0.65663,76,10,9,0,5,0,Fri,19.6,64,532
0.79628,56,10,4,0.11,7,2,Wed,12.46666667,61,821
0.37521,66,10,9,0,4,0,Mon,14.98333333,69,351
0.55839,75,10,9,0,7,0,Fri,18.06666667,58,335
0.53191,74,10,11,0,5,0,Thu,11.45,68,832
0.38202,74,10,11,0,5,0,Thu,8.766666667,68,310
0.55839,61,10,2,0,1,0,Sat,12.48333333,50,963
0.39547,67,10,7,0,4,0,Tue,16.98333333,50,197
0.39547,71,10,4,0,3,1,Tue,17.25,54,383
0.46099,63,10,6,0,4,0,Thu,20.4,55,685
0.40203,71,10,9,0,3,0,Fri,13.11666667,56,357
0.44983,66,10,9,0,4,0,Mon,17.71666667,69,142
0.55166,52,10,10,0,0,0,Thu,7.883333333,59,1036
0.38632,69,10,8,0,3,0,Wed,12.38333333,67,569
0.48189,64,10,12,0,4,0,Wed,14.68333333,58,745
0.65663,64,10,9,0,3,0,Mon,18.38333333,70,269
