518,0.43746,71,10,10,0,6,0,0,0,0,1,0,0,0
446,0.37521,74,10,8,0,5,0,0,1,0,0,0,0,0
265,0.65663,86,7,12,1.43,7,2,0,0,0,0,1,0,0
624,0.7246,69,10,4,0,3,0,1,0,0,0,0,0,0
2138,0.36222,70,10,8,0,4,0,0,0,0,1,0,1,0
373,0.69734,66,10,7,0,1,0,0,0,1,0,0,0,1
695,0.55166,71,9,12,0,5,0,0,1,0,0,0,0,0
302,0.46099,71,10,12,0,6,0,0,1,0,0,0,0,0
336,0.46099,69,10,14,0,4,0,0,0,0,0,1,1,0
633,0.36608,79,10,7,0,5,0,0,0,0,0,1,0,0
19497,0.51441,73,10,10,0,5,0,0,0,0,1,0,0,1
458,0.40089,65,10,9,0,0,0,0,0,1,0,0,0,1
504,0.451,60,9,2,0,3,0,0,0,1,0,0,1,1
185,0.36612,79,10,9,0,6,0,0,0,1,0,0,0,1
532,0.43746,86,7,7,0.2,7,2,0,0,0,0,1,0,0
839,0.51441,70,10,9,0,2,0,0,0,0,0,1,0,0
671,0.38202,47,10,13,0,0,0,0,1,0,0,0,0,0
7677,0.51441,63,10,5,0,4,0,1,0,0,0,0,1,0
1101,0.55166,63,10,4,0,1,0,0,1,0,0,0,0,0
208,0.54976,74,9,11,0,3,0,0,0,1,0,0,0,0
439,0.451,74,7,4,0,7,0,0,0,1,0,0,1,0
415,0.53191,45,10,4,0,0,0,0,0,1,0,0,1,0
658,0.43559,72,10,9,0,5,0,0,0,1,0,0,0,0
293,0.48189,80,8,8,0.32,8,2,0,0,0,0,1,0,0
218,0.51441,69,9,12,0,4,0,0,0,0,0,1,0,1
414,0.35379,81,9,8,0,3,0,0,0,1,0,0,1,1
130,0.40203,64,10,7,0,0,0,0,0,0,1,0,0,0
196,0.67032,75,10,4,0.01,5,1,0,1,0,0,0,0,0
615,0.43559,72,8,10,0,4,0,0,0,0,0,1,0,0
392,0.43746,53,10,17,0,0,0,0,0,0,1,0,1,0
450,0.43617,69,10,11,0,5,0,0,0,1,0,0,1,1
217,0.38202,63,10,5,0,4,0,0,0,0,0,1,1,0
2387,0.54102,56,8,5,0,3,0,0,0,1,0,0,0,1
238,0.38202,76,10,11,0,6,0,0,0,1,0,0,0,1
232,0.35379,70,10,7,0,4,0,0,0,0,1,0,0,1
213,0.51441,72,10,10,0,6,0,0,1,0,0,0,0,0
273,0.39547,69,10,10,0,4,0,0,0,1,0,0,0,0
628,0.47853,59,10,8,0,1,0,0,0,1,0,0,0,0
1489,0.55839,70,10,6,0,7,0,0,0,0,1,0,0,1
579,0.43746,72,10,11,0,7,0,0,0,0,0,1,0,1
2029,0.38632,74,10,7,0,1,0,1,0,0,0,0,1,1
734,0.40089,72,10,9,0,4,0,0,0,1,0,0,1,1
142,0.36608,67,10,9,0,1,0,0,0,1,0,0,0,0
887,0.54102,60,10,7,0,1,0,0,0,1,0,0,0,1
394,0.54102,69,10,19,0.08,5,2,0,1,0,0,0,1,0
423,0.39547,76,9,4,0,2,0,0,0,1,0,0,1,0
615,0.37521,51,9,5,0,0,0,0,0,0,0,1,1,0
291,0.65663,71,9,12,0,5,0,0,0,0,1,0,0,0
327,0.35379,73,10,10,0,5,0,0,0,0,0,1,0,1
230,0.36612,69,10,2,0,1,0,0,0,1,0,0,1,0
683,0.55166,73,10,6,0,6,0,0,0,0,1,0,1,0
454,0.43559,87,8,5,0.01,6,3,0,0,1,0,0,0,0
1362,0.40089,55,10,5,0,1,0,0,0,0,0,1,0,1
351,0.36612,84,7,5,0,5,0,0,0,0,1,0,1,1
744,0.54976,70,10,6,0,1,0,0,0,1,0,0,0,0
405,0.39991,60,10,3,0,1,0,0,0,0,1,0,1,0
406,0.39547,81,8,8,0,4,0,0,0,0,1,0,0,0
463,0.54976,63,10,7,0,0,0,0,0,0,0,1,0,0
405,0.37521,81,8,3,0,1,1,0,0,1,0,0,1,0
1003,0.65663,66,10,2,0,1,0,1,0,0,0,0,1,1
443,0.79628,56,8,5,0,3,0,0,0,1,0,0,0,1
255,0.67032,72,10,14,0,6,0,0,0,0,0,1,0,0
573,0.40089,73,10,13,0,6,0,0,0,0,0,1,0,0
259,0.51441,30,10,14,0,1,0,0,0,1,0,0,0,0
148,0.36612,65,10,16,0,5,0,0,0,0,1,0,0,0
220,0.39991,56,8,3,0,3,0,0,0,0,1,0,1,0
403,0.48277,66,9,11,0,6,0,0,0,0,1,0,0,0
338,0.71472,71,10,9,0,5,0,0,0,1,0,0,0,0
408,0.43738,71,10,9,0,4,0,0,0,1,0,0,0,1
924,0.7246,43,10,6,0,2,0,0,0,1,0,0,0,0
315,0.35379,26,10,16,0,0,0,0,0,0,0,1,0,0
499,0.48277,72,10,11,0,5,0,0,0,1,0,0,1,0
431,0.69734,84,7,5,0,5,0,0,0,1,0,0,1,1
1095,0.39547,64,10,10,0.01,5,2,0,0,0,1,0,0,0
122,0.451,66,10,8,0,3,0,0,0,0,1,0,0,0
178,0.36222,66,9,3,0,1,0,0,0,0,0,1,1,0
229,0.38202,86,6,2,0,2,1,0,0,1,0,0,1,0
443,0.43617,75,10,8,0,4,0,0,0,0,1,0,1,0
363,0.55117,74,10,16,0,3,0,0,0,1,0,0,0,0
362,0.36222,63,10,6,0,4,0,0,0,0,1,0,1,0
327,0.65663,80,6,14,3.12,8,2,0,1,0,0,0,1,0
1753,0.55839,61,10,13,0,3,0,0,0,0,1,0,0,0
774,0.47853,66,10,4,0,1,0,0,1,0,0,0,1,1
166,0.47853,73,10,11,0,6,0,0,0,1,0,0,0,0
633,0.54102,69,9,8,0,1,0,0,0,1,0,0,0,0
2319,0.53191,63,10,7,0,2,0,0,0,0,1,0,1,0
403,0.55839,70,10,10,0,6,0,0,0,0,0,1,0,0
257,0.79628,65,10,8,0,2,0,0,0,0,1,0,0,0
911,0.44983,49,10,8,0,0,0,0,0,0,0,1,1,0
469,0.38632,64,10,12,0,4,0,0,0,0,0,1,0,0
412,0.40089,80,10,9,0,3,0,0,0,0,1,0,1,0
352,0.46099,52,10,10,0,0,0,0,0,0,1,0,1,0
368,0.35379,66,10,10,0,3,0,1,0,0,0,0,0,1
361,0.36608,80,9,11,0.65,7,2,0,0,0,1,0,1,0
1440,0.36222,71,10,10,0,6,0,0,0,1,0,0,0,1
796,0.43559,66,10,7,0,4,0,0,0,1,0,0,1,0
1815,0.40089,87,5,4,0,6,1,0,0,0,1,0,1,1
357,0.38632,70,10,4,0,0,0,0,0,1,0,0,1,1
218,0.69734,87,9,3,0.48,7,2,0,0,1,0,0,1,0
478,0.67032,69,10,11,0,5,0,0,1,0,0,0,0,0
250,0.53191,52,10,0,0,5,0,0,1,0,0,0,0,0
465,0.67032,74,10,6,0,5,0,0,0,0,1,0,0,0
230,0.55166,79,10,5,0,4,0,0,0,0,0,1,1,0
236,0.47375,73,10,7,0,5,0,0,0,0,1,0,0,0
718,0.47853,69,10,8,0,5,0,0,0,1,0,0,1,0
824,0.65663,87,8,5,0,3,1,0,0,0,1,0,1,0
741,0.37521,68,10,8,0,3,1,0,0,0,0,1,0,1
154,0.36612,46,10,5,0,0,0,0,0,0,0,1,1,0
738,0.43617,72,10,11,0,5,0,0,0,0,1,0,1,0
660,0.40203,47,10,5,0,0,0,0,0,1,0,0,0,0
408,0.54976,64,9,8,0,2,0,0,0,1,0,0,0,0
778,0.55117,43,10,6,0,2,0,0,0,0,1,0,0,0
531,0.54976,81,10,5,0,7,0,0,0,1,0,0,1,0
243,0.47853,75,10,9,0,6,0,0,0,0,1,0,1,1
441,0.47853,71,9,8,0.32,6,2,0,0,0,1,0,1,0
905,0.47853,71,10,9,0,4,0,0,0,1,0,0,0,0
139,0.7246,75,10,6,0,7,0,0,0,0,1,0,1,0
443,0.55117,64,10,7,0,0,0,0,0,0,1,0,0,0
775,0.36222,78,9,11,0,7,0,0,0,1,0,0,1,0
843,0.36222,64,10,8,0,1,0,0,0,0,1,0,0,0
453,0.38202,68,10,9,0,4,0,0,0,0,0,1,0,0
526,0.79628,63,10,7,0,3,0,0,0,0,1,0,1,1
683,0.44983,70,10,9,0,3,0,0,0,1,0,0,0,0
219,0.36222,54,10,2,0,5,0,0,0,0,1,0,1,0
537,0.55839,69,9,8,0,3,0,0,0,1,0,0,1,0
273,0.55839,67,10,6,0,2,0,0,0,1,0,0,1,0
663,0.451,73,10,10,0,6,0,0,0,1,0,0,0,1
718,0.48277,67,10,14,0,2,0,0,0,0,1,0,1,1
339,0.65663,64,10,10,0.01,5,2,0,0,0,0,1,0,0
678,0.40203,77,10,16,0,7,0,0,1,0,0,0,0,1
553,0.54102,66,10,5,0,7,0,0,1,0,0,0,0,0
1256,0.43617,61,10,8,0,1,0,0,0,0,1,0,0,1
661,0.38202,73,10,11,0,7,1,0,0,1,0,0,0,0
897,0.40203,72,10,10,0,5,0,0,0,1,0,0,0,0
429,0.51441,68,10,9,0,3,0,0,0,0,0,1,1,0
240,0.36612,52,10,12,0,2,0,0,0,1,0,0,1,0
687,0.55117,57,10,4,0,0,0,0,1,0,0,0,1,0
835,0.55839,68,10,11,0,5,0,0,0,0,0,1,0,0
348,0.44983,81,8,8,0,4,0,0,0,0,1,0,0,0
266,0.48277,54,10,2,0,5,0,0,0,0,1,0,1,0
552,0.43559,70,10,8,0,3,0,0,0,0,1,0,1,0
767,0.43746,68,10,19,0,2,0,0,0,1,0,0,1,0
846,0.43559,65,10,6,0,1,0,0,0,0,1,0,1,1
468,0.43617,68,10,13,0,5,0,0,1,0,0,0,0,0
791,0.40203,75,9,12,0.23,6,2,0,0,1,0,0,0,1
320,0.39547,63,10,8,0,0,0,0,0,0,1,0,1,0
368,0.46099,63,10,13,0,4,0,0,1,0,0,0,1,0
353,0.54976,76,8,2,0,6,0,0,0,0,1,0,1,0
556,0.37521,66,10,5,0,6,0,1,0,0,0,0,0,1
416,0.53191,40,10,5,0.01,4,0,0,0,1,0,0,0,1
622,0.39991,73,10,10,0,4,0,0,0,0,0,1,0,0
178,0.55117,62,10,6,0,0,0,0,0,1,0,0,0,0
3247,0.39547,51,10,6,0,0,0,0,1,0,0,0,0,0
280,0.43746,80,9,7,0.28,7,2,0,0,0,1,0,1,0
440,0.43617,79,7,2,0,3,1,0,0,1,0,0,0,1
753,0.44983,73,10,13,0,6,0,0,0,1,0,0,0,0
344,0.48277,56,8,3,0,3,0,0,0,1,0,0,1,0
375,0.46099,65,8,13,0.74,8,2,0,0,0,1,0,1,0
264,0.39547,70,10,3,0,1,0,0,0,0,1,0,1,0
1380,0.43559,87,5,4,0,6,1,0,0,0,0,1,1,1
335,0.37521,72,9,13,0.69,7,2,0,0,1,0,0,1,0
269,0.39547,50,10,5,0,0,0,0,0,1,0,0,1,1
396,0.43617,74,9,9,0.01,6,2,0,1,0,0,0,0,0
497,0.55166,66,10,4,0,5,0,0,1,0,0,0,0,0
1101,0.43738,80,10,9,0,3,0,0,0,0,0,1,1,0
264,0.39991,56,10,5,0,4,0,0,0,1,0,0,1,1
614,0.71472,63,10,9,0.01,6,2,0,0,0,1,0,0,0
749,0.79628,67,10,11,0,2,0,0,0,0,0,1,0,0
517,0.53191,74,10,11,0,5,0,0,0,0,1,0,0,0
354,0.55839,64,10,4,0,6,0,0,0,0,1,0,1,0
3668,0.65663,71,10,5,0,2,0,0,0,1,0,0,0,1
695,0.43559,72,10,9,0,4,0,0,0,0,1,0,0,0
7695,0.451,61,10,2,0,1,0,0,0,1,0,0,1,1
454,0.47853,45,10,4,0,0,0,0,0,1,0,0,1,0
418,0.38632,79,7,2,0,3,1,1,0,0,0,0,0,1
826,0.69734,68,9,9,0.01,5,2,0,0,0,1,0,0,0
763,0.54102,73,9,5,0,1,0,0,0,0,0,1,0,0
315,0.7246,66,10,2,0,1,0,0,1,0,0,0,1,1
454,0.38202,61,10,8,0,4,0,0,0,1,0,0,0,0
515,0.48277,73,10,11,0,7,1,0,0,1,0,0,0,0
390,0.37521,73,10,11,0,7,0,0,0,0,1,0,1,0
272,0.48189,52,10,12,0,2,0,0,0,1,0,0,1,0
1367,0.38632,67,10,3,0,2,0,0,0,0,1,0,1,1
758,0.38632,71,10,8,0,4,0,0,1,0,0,0,0,1
1113,0.38632,69,10,11,0,3,0,0,0,0,1,0,0,1
721,0.46099,72,10,19,0,4,0,0,0,0,1,0,0,0
785,0.79628,65,10,12,0,5,0,0,0,1,0,0,0,0
408,0.47853,68,10,13,0,5,0,0,0,0,0,1,0,0
383,0.35379,52,10,12,0,2,0,0,0,0,1,0,1,0
112,0.69734,63,10,9,0,3,0,0,0,1,0,0,0,0
674,0.55166,71,9,8,0,4,0,0,0,0,0,1,0,0
764,0.47375,63,10,7,0,2,0,0,0,0,0,1,0,0
334,0.48189,56,10,7,0,1,0,0,0,0,1,0,0,0
538,0.39547,69,10,9,0,4,0,1,0,0,0,0,0,1
579,0.37521,67,10,3,0,2,0,0,0,0,1,0,1,1
188,0.36222,64,10,9,0,3,0,0,0,0,0,1,0,0
253,0.51441,73,10,10,0,6,0,0,0,1,0,0,0,0
132,0.38632,64,10,17,0,4,0,0,0,1,0,0,0,0
404,0.48277,68,10,9,0,7,0,0,0,0,1,0,0,0
824,0.40089,84,8,5,0,7,0,0,0,1,0,0,1,0
166,0.36612,73,9,10,0,5,0,0,0,0,0,1,1,0
459,0.37521,68,10,9,0,7,0,0,1,0,0,0,0,0
595,0.451,69,9,11,0.11,5,2,0,0,1,0,0,1,1
113,0.44983,80,8,5,0,7,0,0,1,0,0,0,0,0
1469,0.55166,72,10,10,0,5,0,0,0,0,1,0,0,0
518,0.47853,45,10,6,0,2,0,0,0,0,1,0,0,0
1414,0.36222,76,10,10,0,6,0,0,0,0,0,1,0,1
477,0.39547,77,10,8,0,4,0,0,0,1,0,0,0,0
449,0.47853,83,9,4,0,7,0,0,0,0,1,0,1,0
329,0.43746,71,10,7,0,5,0,0,0,0,1,0,0,0
315,0.53191,64,10,12,0,4,0,0,0,0,1,0,1,0
423,0.43738,72,10,13,0,7,0,0,0,1,0,0,1,1
380,0.51441,65,10,8,0.01,4,2,0,0,1,0,0,1,0
1377,0.7246,66,10,4,0,1,0,0,0,0,1,0,1,1
328,0.54102,71,10,8,0,4,0,0,0,0,1,0,0,0
378,0.43746,73,10,10,0,3,0,0,0,0,0,1,0,1
358,0.43738,69,9,8,0,3,0,0,1,0,0,0,1,0
774,0.79628,60,10,9,0,1,0,0,0,1,0,0,0,1
427,0.55839,66,10,5,0,7,0,0,0,0,0,1,0,0
116,0.47375,56,10,7,0,1,0,0,0,0,0,1,0,0
1082,0.40089,64,10,14,0,5,0,0,0,0,1,0,0,0
219,0.40203,78,10,9,0,2,0,0,1,0,0,0,1,1
709,0.69734,78,9,6,0,6,0,0,1,0,0,0,1,0
484,0.39991,67,10,7,0,1,0,0,0,0,1,0,1,0
344,0.44983,70,10,11,0,1,0,0,0,0,1,0,0,0
489,0.39991,73,9,10,0,5,0,0,0,0,1,0,1,0
633,0.48189,64,10,9,0,3,0,0,0,1,0,0,0,1
979,0.39991,47,10,6,0,3,0,0,0,0,1,0,0,0
442,0.39991,70,10,12,0,6,0,0,0,1,0,0,1,0
556,0.48189,55,10,5,0,7,0,0,0,1,0,0,1,0
579,0.43617,72,10,5,0,3,0,0,0,0,0,1,0,0
207,0.67032,66,10,2,0,1,0,0,0,0,1,0,1,1
375,0.48277,80,6,14,3.12,8,2,0,0,1,0,0,1,0
6774,0.43746,68,10,8,0.01,3,0,0,0,1,0,0,1,1
246,0.39547,53,10,6,0,1,0,0,0,0,1,0,0,0
315,0.54976,88,9,6,0.18,7,3,0,0,0,0,1,0,0
257,0.48189,69,10,19,0.08,5,2,0,0,0,1,0,1,0
928,0.44983,70,10,10,0,1,0,0,0,1,0,0,0,1
13047,0.46099,73,10,7,0,6,0,0,0,0,0,1,0,1
226,0.35379,71,10,10,0.05,6,0,0,0,0,1,0,1,0
1545,0.47375,67,10,5,0,2,0,0,0,1,0,0,1,1
499,0.38632,70,10,12,0,6,0,0,0,0,1,0,1,0
796,0.79628,71,10,4,0,3,1,0,0,1,0,0,1,0
271,0.54102,70,10,9,0,4,0,0,0,0,0,1,1,0
434,0.39991,73,10,11,0,7,0,0,0,0,1,0,1,0
709,0.38632,65,8,13,0.74,8,2,0,0,0,1,0,1,0
307,0.48277,80,7,11,0.02,6,3,0,0,1,0,0,1,0
850,0.35379,75,10,4,0,3,0,0,0,1,0,0,1,1
334,0.53191,64,10,4,0,1,0,0,0,1,0,0,1,0
510,0.36222,74,10,7,0.07,4,5,0,0,0,0,1,1,1
533,0.35379,73,10,13,0,6,0,0,1,0,0,0,0,0
704,0.451,81,5,4,0.01,3,1,0,0,0,0,1,0,0
814,0.38202,78,10,11,0,6,0,0,0,1,0,0,0,0
575,0.451,70,10,8,0,4,0,0,0,0,0,1,1,0
363,0.47375,69,9,8,0,3,0,0,0,0,0,1,1,0
673,0.7246,56,8,3,0,3,0,0,0,1,0,0,1,0
444,0.79628,49,10,5,0,0,0,0,0,0,0,1,0,0
1178,0.54976,50,10,5,0,0,0,0,0,0,1,0,1,1
325,0.43746,72,10,22,0,3,0,0,0,0,1,0,0,0
630,0.55166,70,10,11,0,1,0,0,0,1,0,0,0,0
473,0.451,69,10,5,0,5,0,0,0,0,1,0,1,0
294,0.43746,30,10,14,0,1,0,0,0,0,1,0,0,0
232,0.39547,43,10,5,0,1,0,0,0,1,0,0,0,0
209,0.67032,69,10,12,0,5,0,0,0,1,0,0,1,1
224,0.36608,68,10,9,0,3,0,0,0,1,0,0,1,0
6612,0.55839,80,10,7,0,3,0,0,0,0,1,0,0,1
658,0.71472,67,10,5,0,2,0,0,0,1,0,0,1,1
534,0.7246,67,10,7,0,4,0,0,0,0,1,0,0,0
602,0.53191,67,10,9,0,5,0,0,0,1,0,0,0,0
399,0.43617,70,10,2,0,1,0,0,0,1,0,0,1,0
270,0.54976,77,9,5,0,5,0,0,0,1,0,0,1,0
618,0.55117,69,10,11,0,3,0,0,1,0,0,0,1,0
522,0.40089,92,6,9,0.35,8,2,0,0,1,0,0,1,1
1146,0.55117,62,10,10,0,5,0,0,0,0,1,0,0,0
294,0.44983,69,10,8,0,4,0,0,0,1,0,0,0,0
297,0.47853,80,9,11,0.65,7,2,0,0,0,0,1,1,0
486,0.55839,73,9,3,0,2,0,0,0,0,0,1,1,0
648,0.43617,65,10,6,0,1,0,0,0,1,0,0,1,1
665,0.39991,72,10,11,0,6,0,0,0,0,1,0,1,1
685,0.36612,66,10,7,0,4,0,0,0,1,0,0,1,0
366,0.7246,71,9,8,0,3,0,1,0,0,0,0,0,1
268,0.48277,70,10,9,0,6,0,0,0,0,1,0,0,0
1179,0.67032,63,10,5,0,4,0,0,1,0,0,0,1,0
688,0.55117,73,10,13,0,6,0,0,0,0,1,0,0,0
574,0.7246,68,10,5,0,0,0,0,0,1,0,0,0,0
140,0.40203,73,10,9,0,6,0,0,0,0,1,0,1,0
26825,0.36222,60,10,7,0,1,0,0,0,0,1,0,0,1
886,0.51441,77,10,16,0,7,0,0,0,1,0,0,0,1
159,0.35379,63,10,5,0,4,0,0,0,0,1,0,1,0
486,0.67032,71,10,4,0,3,1,0,0,0,0,1,1,0
209,0.71472,64,10,12,0,4,0,0,0,0,1,0,1,0
247,0.51441,70,10,13,0,6,0,0,0,0,0,1,1,0
467,0.55117,71,10,8,0,5,0,0,0,0,1,0,0,0
309,0.51441,72,10,9,0,4,0,0,0,1,0,0,0,0
333,0.35379,69,10,8,0,3,0,0,0,0,1,0,0,0
243,0.36612,76,9,6,0,3,0,0,0,0,0,1,1,0
338,0.7246,73,10,9,0,6,0,0,0,0,1,0,1,0
944,0.48277,65,10,16,0,5,0,0,0,1,0,0,0,0
690,0.40203,73,9,5,0,1,0,0,0,0,1,0,0,0
1798,0.43738,74,10,16,0,3,0,0,0,1,0,0,0,0
3700,0.79628,60,10,8,0,2,0,0,0,0,1,0,0,0
207,0.54976,45,10,6,0,2,0,1,0,0,0,0,0,0
1141,0.65663,72,10,9,0,4,0,0,1,0,0,0,0,0
271,0.35379,76,9,10,0.01,8,2,0,0,0,0,1,0,0
505,0.46099,41,10,4,0,1,0,0,0,0,1,0,0,0
606,0.47375,77,8,12,0.63,7,2,0,1,0,0,0,1,0
634,0.44983,58,10,1,0,3,0,0,0,1,0,0,1,0
1253,0.35379,56,8,5,0,3,0,0,0,0,0,1,0,1
196,0.67032,63,10,2,0,1,0,0,0,0,1,0,1,0
1124,0.43559,61,10,8,0,5,0,1,0,0,0,0,0,0
897,0.43559,63,9,1,0,0,0,0,0,0,0,1,1,0
586,0.54976,73,10,7,0.09,6,2,0,0,1,0,0,1,0
323,0.46099,61,10,2,0,5,0,0,0,0,0,1,1,0
584,0.7246,83,9,4,0,7,0,0,0,0,1,0,1,0
172,0.47853,75,10,7,0,2,0,0,0,0,0,1,1,0
844,0.35379,73,10,11,0,6,0,0,1,0,0,0,0,0
552,0.43559,90,9,7,0.63,7,2,0,0,0,0,1,1,0
2863,0.51441,61,9,8,0,1,1,0,0,0,0,1,1,1
403,0.46099,35,10,7,0,1,0,0,0,0,1,0,1,0
553,0.71472,48,10,2,0,3,0,0,0,1,0,0,1,0
205,0.38632,63,10,9,0,5,0,0,0,0,1,0,1,0
130,0.38632,69,10,8,0,5,0,0,1,0,0,0,1,0
441,0.40089,78,10,11,0,6,0,0,0,0,1,0,0,1
300,0.43617,69,10,11,0,3,0,0,0,0,1,0,1,0
398,0.43617,54,10,4,0,0,0,0,0,0,1,0,1,0
850,0.53191,58,10,8,0,0,0,0,0,1,0,0,0,0
188,0.451,71,9,9,0,0,0,0,0,1,0,0,0,0
382,0.451,79,10,5,0,4,0,0,1,0,0,0,1,0
148,0.55117,64,10,16,0,1,0,0,0,0,1,0,0,0
336,0.7246,68,10,8,0.01,3,0,0,0,0,1,0,1,1
498,0.40089,65,9,6,0,4,0,0,0,0,1,0,0,0
297,0.35379,75,10,9,0,4,0,0,0,1,0,0,1,1
391,0.48189,53,10,6,0,1,0,0,0,1,0,0,0,0
752,0.7246,71,8,13,0,3,1,0,0,1,0,0,1,1
101,0.79628,70,10,6,0,1,1,0,0,0,1,0,0,0
205,0.36608,73,7,3,0,3,1,0,0,0,1,0,1,0
236,0.39547,59,10,4,0,3,0,0,0,1,0,0,1,0
241,0.40089,70,10,6,0,1,0,0,0,0,0,1,0,1
730,0.51441,43,10,3,0,0,0,0,0,0,1,0,1,1
389,0.37521,71,10,8,0,5,1,0,0,0,1,0,0,0
445,0.451,80,10,9,0,4,0,0,0,0,0,1,0,0
175,0.39547,43,10,3,0,0,0,0,0,1,0,0,1,1
741,0.69734,71,10,13,0,6,0,0,0,1,0,0,0,1
559,0.35379,74,9,11,0,3,0,0,0,0,1,0,0,0
641,0.39991,71,9,8,0,4,0,0,0,1,0,0,0,0
755,0.55166,77,8,12,0.63,7,2,0,0,0,0,1,1,0
634,0.54976,50,10,3,0,1,0,0,0,1,0,0,1,0
591,0.71472,64,10,10,0.01,5,2,1,0,0,0,0,0,0
680,0.47375,53,10,8,0,0,0,1,0,0,0,0,0,0
616,0.54102,76,9,4,0,2,0,0,1,0,0,0,1,0
762,0.36222,80,10,4,0,6,0,0,1,0,0,0,0,0
319,0.40203,46,10,9,0,3,0,0,0,0,1,0,0,0
579,0.7246,59,10,10,0,2,0,0,1,0,0,0,0,0
689,0.48277,70,10,13,0,6,0,0,0,1,0,0,1,0
519,0.38632,75,10,6,0,7,0,0,0,1,0,0,1,0
569,0.71472,72,10,5,0.02,5,2,0,0,1,0,0,1,0
533,0.40203,69,10,9,0,5,0,0,1,0,0,0,1,0
509,0.36612,74,8,12,0.57,8,2,0,0,1,0,0,1,0
721,0.43738,47,10,6,0,3,0,0,0,0,0,1,0,0
158,0.69734,64,10,7,0,1,0,0,0,0,1,0,1,1
762,0.35379,68,10,12,0,5,0,0,0,0,0,1,0,1
411,0.35379,80,7,10,0.26,6,2,0,1,0,0,0,1,1
194,0.44983,66,10,7,0,4,0,0,0,0,1,0,1,0
25845,0.36608,64,10,3,0,1,0,0,0,0,1,0,1,1
622,0.43559,72,10,13,0,7,0,0,1,0,0,0,1,1
312,0.36608,72,10,13,0,8,0,0,0,0,1,0,1,0
235,0.53191,82,9,6,0,5,0,0,0,0,1,0,1,0
725,0.40203,47,10,8,0,0,0,0,0,1,0,0,0,0
473,0.36222,69,10,8,0,3,0,0,0,0,1,0,0,1
648,0.79628,47,10,8,0,0,0,0,0,0,1,0,0,0
164,0.39547,73,10,7,0.09,6,2,0,1,0,0,0,1,0
811,0.71472,74,10,7,0,4,0,0,0,1,0,0,0,0
448,0.55166,64,9,4,0,3,0,0,0,0,1,0,1,0
505,0.43617,71,10,6,0,5,0,0,1,0,0,0,1,0
474,0.55839,72,10,11,0,8,0,0,0,1,0,0,0,1
667,0.79628,75,9,8,0.15,5,2,0,0,1,0,0,1,0
553,0.55839,75,10,9,0,3,0,0,0,1,0,0,0,1
671,0.55117,77,10,8,0,4,0,0,0,0,0,1,0,0
701,0.55117,75,10,9,0,6,0,0,0,0,1,0,0,1
2941,0.65663,75,10,4,0,1,0,0,0,0,0,1,1,1
488,0.43617,70,10,6,0,1,0,0,1,0,0,0,0,0
735,0.451,66,9,5,0,1,0,0,1,0,0,0,0,0
1329,0.38632,64,10,4,0,1,0,0,1,0,0,0,1,0
390,0.55839,68,10,9,0,5,0,0,0,1,0,0,0,0
2149,0.46099,70,10,10,0,1,0,0,0,1,0,0,0,1
296,0.43617,75,9,8,0.15,5,2,0,0,0,1,0,1,0
372,0.36612,63,10,9,0.01,6,2,0,0,1,0,0,0,0
377,0.46099,51,9,5,0,0,0,0,0,0,1,0,1,0
10177,0.69734,62,10,10,0,5,0,0,0,0,1,0,0,0
624,0.44983,73,10,11,0,7,0,0,0,0,0,1,1,0
392,0.47375,69,10,8,0,5,0,0,1,0,0,0,1,0
171,0.54976,72,10,9,0,3,0,0,0,1,0,0,0,1
119,0.39991,72,10,9,0,5,0,0,1,0,0,0,0,0
260,0.36612,71,10,10,0.05,6,0,0,0,1,0,0,1,0
522,0.36222,51,9,5,0,0,0,0,0,0,1,0,1,0
653,0.67032,65,10,12,0,5,0,0,0,0,1,0,0,0
1239,0.51441,62,8,7,0,2,0,0,1,0,0,0,0,0
5085,0.38632,61,10,8,0,5,0,0,0,0,1,0,0,0
479,0.36222,86,6,5,0,5,1,0,0,0,0,1,1,0
1062,0.43559,69,10,16,0,6,0,0,0,0,1,0,0,1
1187,0.51441,58,10,8,0,0,0,0,0,0,0,1,0,0
416,0.43746,73,10,12,0,6,0,0,1,0,0,0,0,0
697,0.48189,53,10,7,0,0,0,0,0,1,0,0,0,0
205,0.43559,89,4,3,0,4,1,0,0,0,1,0,1,0
406,0.43738,72,10,14,0,5,0,0,0,1,0,0,1,0
664,0.55166,57,10,4,0,0,0,0,0,0,1,0,1,0
641,0.55839,72,7,8,0,2,1,0,0,1,0,0,0,0
1294,0.38632,74,10,14,0,6,0,0,0,0,1,0,0,0
452,0.38632,63,10,4,0,1,0,0,0,1,0,0,0,0
552,0.55166,73,10,11,0,6,0,1,0,0,0,0,0,1
596,0.39991,60,10,8,0,4,0,0,1,0,0,0,0,0
449,0.54976,64,10,10,0.01,5,2,0,0,0,1,0,0,0
246,0.48189,78,10,11,0,6,0,0,1,0,0,0,0,0
368,0.35379,61,10,3,0,2,0,0,0,0,0,1,0,0
427,0.451,76,10,9,0,7,0,0,0,0,0,1,0,0
536,0.36612,73,9,5,0,1,0,0,1,0,0,0,0,0
166,0.38202,55,10,8,0,1,0,0,0,1,0,0,0,0
492,0.46099,58,10,4,0,1,0,0,0,0,0,1,0,0
294,0.40203,66,10,5,0,6,0,0,0,0,1,0,0,1
743,0.40203,69,10,11,0,3,0,0,0,1,0,0,0,1
662,0.51441,76,9,10,0.01,8,2,0,0,0,0,1,0,0
586,0.48189,74,10,7,0.07,4,5,0,0,0,1,0,1,1
1233,0.38632,78,10,9,0,2,0,0,0,0,1,0,1,1
539,0.55166,65,10,6,0,4,0,0,0,0,1,0,1,0
1558,0.53191,71,10,4,0,1,0,0,0,0,0,1,1,0
178,0.55839,76,10,13,0.23,6,2,0,1,0,0,0,0,1
573,0.36222,50,10,5,0,0,0,0,0,0,1,0,1,1
625,0.44983,45,10,2,0,0,0,0,1,0,0,0,0,0
169,0.36612,64,10,6,0,2,0,0,0,0,1,0,0,0
479,0.35379,71,10,10,0,3,0,0,0,0,1,0,0,1
874,0.53191,67,10,9,0,3,0,0,0,0,1,0,0,1
450,0.53191,67,10,11,0,2,0,0,0,0,0,1,0,0
593,0.7246,72,9,12,0,6,0,0,1,0,0,0,1,0
182,0.69734,70,10,7,0,3,0,0,0,0,1,0,0,1
638,0.46099,75,10,9,0,3,0,0,0,0,1,0,0,1
420,0.7246,64,10,11,0,5,0,0,0,0,1,0,0,0
449,0.54976,64,10,12,0,4,0,0,0,0,0,1,0,0
1082,0.67032,69,9,10,0,4,0,0,1,0,0,0,0,0
223,0.51441,66,10,13,0,5,0,0,0,0,0,1,0,1
613,0.48277,52,10,6,0,2,0,0,0,1,0,0,1,0
226,0.48189,77,9,9,0,6,0,0,0,0,1,0,1,1
1449,0.65663,76,10,13,0.23,6,2,0,0,0,0,1,0,1
69,0.43617,64,10,4,0,1,0,0,0,1,0,0,1,0
2627,0.55117,71,10,9,0,4,0,0,0,1,0,0,0,0
388,0.451,69,10,9,0,3,0,1,0,0,0,0,1,1
361,0.53191,66,10,10,0,4,0,0,0,0,0,1,0,0
264,0.53191,76,8,2,0,6,0,0,1,0,0,0,1,0
265,0.36612,82,10,9,0,2,1,0,0,1,0,0,1,0
246,0.55839,73,8,6,0.26,8,2,0,0,1,0,0,0,0
98,0.35379,69,9,9,0,2,0,0,0,0,1,0,0,0
3337,0.55117,71,10,10,0,3,0,0,1,0,0,0,0,0
176,0.55839,69,10,6,0,4,0,1,0,0,0,0,1,1
452,0.39991,63,10,13,0.06,3,2,0,0,0,0,1,1,1
387,0.35379,64,10,6,0,2,0,0,0,0,1,0,0,0
1029,0.44983,72,9,5,0,7,0,0,0,0,0,1,1,0
1148,0.65663,87,6,8,0,6,1,0,0,0,0,1,1,0
244,0.36222,60,10,10,0,1,0,0,0,1,0,0,0,0
610,0.67032,64,10,14,0,5,0,0,0,0,1,0,0,0
507,0.79628,73,10,6,0,6,0,0,0,0,0,1,1,0
1087,0.35379,64,10,16,0,3,0,0,0,0,1,0,0,1
2073,0.43746,69,10,8,0,2,0,0,1,0,0,0,0,1
282,0.43617,78,10,3,0,2,0,0,0,0,0,1,1,1
237,0.39991,56,8,5,0,3,0,0,0,0,1,0,0,1
2687,0.39991,67,10,5,0,2,0,0,0,0,1,0,1,1
564,0.43617,46,10,9,0,3,0,0,0,0,0,1,0,0
23527,0.36222,86,8,3,0.01,6,1,0,0,0,1,0,1,1
831,0.7246,74,10,7,0,4,0,0,1,0,0,0,0,0
165,0.36612,71,10,10,0,6,0,0,0,0,1,0,0,0
427,0.67032,74,9,9,0,3,0,0,0,1,0,0,0,0
615,0.55117,51,9,5,0,0,0,0,0,0,1,0,1,0
809,0.51441,80,9,15,0.43,8,2,0,0,0,0,1,1,0
206,0.54976,68,10,14,0,5,0,0,0,0,1,0,0,0
713,0.7246,47,10,5,0,0,0,0,0,0,0,1,0,0
373,0.47375,71,10,10,0.05,6,0,0,0,0,1,0,1,0
379,0.36222,69,10,8,0,5,0,0,0,0,0,1,1,0
428,0.36608,79,7,2,0,3,1,0,0,0,1,0,0,1
547,0.451,58,10,4,0,1,0,0,1,0,0,0,0,0
484,0.37521,73,10,6,0,6,0,0,0,0,1,0,1,0
559,0.38202,56,7,5,0,5,0,0,0,1,0,0,0,1
326,0.37521,60,10,18,0,3,0,0,0,1,0,0,1,0
188,0.43738,74,10,9,0,4,0,0,0,0,1,0,0,0
173,0.67032,72,10,5,0,4,0,0,0,0,1,0,0,0
656,0.43559,60,10,1,0,0,0,0,0,1,0,0,1,0
397,0.7246,72,10,6,0.19,7,2,0,0,0,0,1,1,1
661,0.54102,60,10,1,0,0,0,0,0,0,1,0,1,0
558,0.46099,89,4,3,0,4,1,1,0,0,0,0,1,0
292,0.37521,71,10,6,0,1,0,0,1,0,0,0,1,0
131,0.47853,57,10,9,0,0,0,0,0,0,0,1,0,0
654,0.55166,72,10,12,0,6,0,0,0,0,1,0,1,0
556,0.55839,65,10,9,0.29,6,2,0,0,1,0,0,1,0
601,0.7246,55,10,8,0,1,0,0,0,0,0,1,0,0
729,0.79628,67,10,3,0,2,0,0,0,1,0,0,1,1
1313,0.43559,52,10,4,0,2,0,0,0,0,1,0,0,0
432,0.38202,74,10,7,0,4,0,0,1,0,0,0,0,0
586,0.43617,61,10,14,0,2,0,0,0,0,1,0,0,0
664,0.55839,78,10,3,0,4,0,0,0,0,0,1,1,0
685,0.69734,64,9,1,0,1,0,0,0,1,0,0,1,0
1677,0.53191,76,10,10,0,6,0,0,0,0,1,0,0,1
248,0.53191,74,9,9,0.01,6,2,0,1,0,0,0,0,0
1327,0.43559,73,9,13,0,3,0,1,0,0,0,0,1,1
364,0.7246,69,10,14,0,4,0,0,0,0,1,0,1,0
462,0.43559,51,9,5,0,0,0,0,0,0,0,1,1,0
338,0.37521,68,10,4,0,2,1,0,0,0,1,0,1,0
462,0.48189,70,10,11,0,6,0,0,0,0,1,0,0,0
587,0.51441,87,6,3,0,5,1,0,0,0,1,0,1,1
306,0.54102,63,10,12,0,5,0,0,0,0,1,0,1,0
346,0.37521,86,7,12,1.43,7,2,0,0,0,1,0,0,0
483,0.36608,72,10,9,0,4,0,0,0,1,0,0,0,0
302,0.79628,68,10,13,0,4,0,1,0,0,0,0,0,0
374,0.43738,73,10,8,0,5,0,0,0,0,1,0,0,0
321,0.43738,73,10,9,0,4,0,0,0,1,0,0,0,1
565,0.39991,75,10,4,0,1,0,0,0,1,0,0,1,1
344,0.37521,74,9,9,0.01,6,2,0,0,0,1,0,0,0
554,0.43559,78,10,11,0,6,0,0,0,1,0,0,0,0
1708,0.39991,81,10,15,0.22,8,2,0,0,0,1,0,1,0
733,0.36612,50,10,6,0,2,0,0,0,1,0,0,0,0
191,0.54976,83,7,9,0,6,1,0,0,0,1,0,1,0
911,0.39991,73,9,10,0,3,0,0,0,0,1,0,1,0
353,0.51441,70,10,6,0,1,1,0,0,0,1,0,0,0
669,0.36608,61,10,4,0,0,0,0,1,0,0,0,1,0
429,0.37521,60,10,7,0,1,0,0,0,1,0,0,0,1
803,0.55166,73,10,8,0,4,0,0,0,0,1,0,0,1
765,0.69734,61,10,8,0,4,0,0,0,0,1,0,0,0
173,0.53191,70,10,9,0,6,0,0,0,0,1,0,0,0
6901,0.79628,73,9,6,0,3,0,0,0,0,1,0,1,0
281,0.51441,61,9,8,0,1,1,0,1,0,0,0,1,1
107,0.36608,61,10,2,0,5,0,0,1,0,0,0,1,0
416,0.53191,69,10,11,0,3,0,0,0,0,0,1,1,0
412,0.65663,60,10,8,0,4,0,0,0,0,1,0,0,0
191,0.55117,92,7,6,0,6,1,0,0,1,0,0,1,0
194,0.55166,64,10,14,0,5,0,0,0,1,0,0,0,0
557,0.35379,65,10,6,0,1,0,0,0,0,0,1,1,0
518,0.47853,86,10,3,0,4,0,0,0,0,0,1,1,1
400,0.69734,67,10,9,0,3,0,0,0,0,1,0,0,1
270,0.55117,63,10,6,0,1,0,0,0,0,1,0,1,1
123,0.39991,64,10,1,0,1,0,1,0,0,0,0,1,1
482,0.43559,69,10,6,0,4,0,0,0,0,0,1,1,1
1092,0.71472,72,10,13,0,8,0,0,0,1,0,0,1,0
569,0.48189,85,8,12,0.25,8,2,0,0,1,0,0,1,0
416,0.67032,66,10,9,0,4,0,0,1,0,0,0,0,0
887,0.65663,69,10,11,0,5,0,0,1,0,0,0,1,1
175,0.39547,80,9,15,0.43,8,2,0,1,0,0,0,1,0
783,0.55117,64,10,10,0.01,5,2,0,0,0,0,1,0,0
548,0.48189,71,10,6,0,1,0,0,0,1,0,0,1,0
966,0.7246,82,9,6,0,5,0,0,1,0,0,0,1,0
1031,0.43738,72,10,3,0,5,0,0,0,0,0,1,1,0
395,0.53191,70,10,9,0,2,0,0,0,0,1,0,0,0
473,0.36612,73,9,6,0,3,0,0,0,1,0,0,1,0
923,0.69734,71,10,6,0,1,0,0,0,0,1,0,1,0
284,0.39547,65,10,9,0,0,0,0,0,0,1,0,0,1
352,0.48189,77,10,6,0.1,7,2,0,0,0,0,1,1,0
406,0.51441,65,10,9,0.29,6,2,0,0,0,0,1,1,0
765,0.451,90,9,7,0.63,7,2,0,0,0,1,0,1,0
347,0.35379,77,10,8,0,4,0,0,0,1,0,0,0,0
640,0.38202,47,10,8,0,0,0,0,0,0,1,0,0,0
223,0.46099,66,10,19,0,1,0,0,0,1,0,0,0,0
374,0.65663,90,8,9,1.18,8,2,0,0,0,0,1,1,0
553,0.48277,83,10,8,0.13,7,2,0,0,1,0,0,1,0
501,0.47375,72,10,11,0,6,0,0,0,1,0,0,0,0
101,0.47853,65,10,6,0,1,0,0,0,1,0,0,1,1
818,0.36608,64,10,11,0,4,0,0,0,0,1,0,0,0
349,0.55166,72,10,6,0.19,7,2,0,0,0,0,1,1,1
1258,0.53191,63,10,11,0,5,0,0,1,0,0,0,0,0
1466,0.65663,63,10,7,0,2,0,0,0,1,0,0,1,0
585,0.54102,48,10,13,0,1,0,0,0,0,1,0,1,0
391,0.451,71,10,9,0.02,5,2,0,1,0,0,0,1,0
146,0.40203,60,10,7,0,1,0,0,0,0,1,0,0,0
540,0.451,61,10,8,0,1,0,0,0,0,0,1,0,1
369,0.55117,66,10,8,0,5,0,0,0,0,1,0,0,1
668,0.51441,76,8,2,0,6,0,0,0,1,0,0,1,0
1022,0.44983,67,10,10,0,4,0,0,0,0,0,1,0,0
576,0.51441,62,10,10,0,5,0,0,0,0,0,1,0,0
610,0.44983,87,9,3,0.48,7,2,0,0,1,0,0,1,0
481,0.79628,44,10,4,0,1,0,0,1,0,0,0,0,0
390,0.55166,66,9,3,0,1,0,0,0,0,1,0,1,0
691,0.46099,79,10,9,0,6,0,0,0,1,0,0,0,1
524,0.67032,71,10,9,0,4,0,0,0,1,0,0,0,0
616,0.54976,54,10,4,0,0,0,0,0,0,1,0,1,0
1102,0.54102,41,10,4,0,1,0,0,0,0,1,0,0,0
900,0.55166,70,10,9,0,6,0,0,0,0,0,1,0,1
205,0.37521,73,10,11,0,7,1,0,0,0,1,0,0,0
163,0.54102,69,9,9,0,4,0,0,0,1,0,0,0,1
412,0.451,66,10,4,0,5,0,0,0,1,0,0,0,0
843,0.36222,77,10,8,0,4,0,0,0,1,0,0,0,0
433,0.65663,72,9,12,0,6,0,0,0,1,0,0,1,0
680,0.38202,68,10,14,0,5,0,0,1,0,0,0,0,0
154,0.44983,58,10,4,0,1,0,0,0,0,1,0,0,0
463,0.54976,72,10,19,0,4,0,0,0,0,1,0,0,0
644,0.40089,86,5,5,0,8,1,0,0,0,0,1,1,0
396,0.39547,87,8,5,0,3,1,0,0,0,1,0,1,0
392,0.48189,86,5,5,0.01,3,1,0,0,0,1,0,1,0
319,0.48277,73,10,3,0,2,1,0,0,0,0,1,1,0
587,0.43617,60,10,8,0,4,0,0,0,0,1,0,0,0
82,0.38202,61,10,9,0,0,0,1,0,0,0,0,0,0
319,0.39991,73,9,6,0,3,0,0,0,1,0,0,1,0
122,0.47853,84,7,5,0,5,0,0,0,1,0,0,1,1
1137,0.43746,68,10,13,0,4,0,0,0,0,0,1,0,1
490,0.67032,77,10,8,0,4,0,0,0,0,0,1,0,0
1887,0.55166,73,10,10,0,5,0,0,1,0,0,0,0,0
2770,0.55166,69,10,11,0,4,0,0,0,1,0,0,0,1
1469,0.46099,68,10,13,0,4,0,0,1,0,0,0,0,1
338,0.53191,57,10,4,0,0,0,0,1,0,0,0,1,0
1045,0.53191,70,10,10,0,1,0,0,0,1,0,0,0,1
484,0.36608,67,10,6,0,1,0,0,1,0,0,0,0,1
458,0.38632,71,10,9,0,4,0,0,0,0,1,0,0,0
413,0.43617,48,10,2,0,3,0,0,0,0,0,1,1,0
692,0.43746,56,10,3,0,2,0,0,0,0,1,0,1,0
123,0.69734,74,10,7,0,4,0,0,1,0,0,0,0,0
695,0.55166,64,10,3,0,1,0,0,0,1,0,0,1,1
302,0.53191,66,10,7,0,2,0,0,1,0,0,0,1,0
429,0.38202,79,7,2,0,3,1,0,1,0,0,0,0,1
544,0.43617,69,10,13,0,5,0,0,0,0,1,0,0,0
408,0.48189,73,10,11,0,6,0,0,0,0,1,0,0,0
17662,0.54976,66,10,11,0,2,0,0,0,0,1,0,0,1
1203,0.71472,72,10,9,0,4,0,0,1,0,0,0,0,0
439,0.53191,66,10,10,0,4,0,0,0,0,1,0,0,0
661,0.65663,73,9,6,0,3,0,0,0,0,1,0,1,0
507,0.36222,69,10,12,0,5,0,0,0,0,1,0,1,1
476,0.39547,63,9,1,0,0,0,0,0,0,1,0,1,0
244,0.38202,54,10,2,0,1,0,0,0,1,0,0,1,1
649,0.43559,71,9,9,0,3,0,0,0,1,0,0,0,1
359,0.47853,84,8,5,0,7,0,0,0,0,0,1,1,0
826,0.36222,69,10,13,0,5,0,0,0,1,0,0,0,0
1043,0.53191,60,10,18,0,3,0,0,0,0,0,1,1,0
871,0.67032,80,10,9,0,4,0,0,0,1,0,0,0,0
491,0.53191,71,10,11,0,4,0,0,0,0,1,0,0,0
362,0.48277,87,8,5,0,3,1,0,1,0,0,0,1,0
786,0.69734,70,10,9,0,2,0,0,0,1,0,0,0,0
888,0.36222,76,10,9,0,5,0,0,0,0,0,1,0,0
300,0.47375,69,10,9,0,1,0,0,0,0,1,0,0,0
204,0.55117,64,10,6,0,2,0,0,0,0,1,0,0,0
227,0.36608,73,10,10,0,5,0,0,0,0,0,1,0,0
305,0.39991,56,10,4,0.11,7,2,0,0,0,1,0,0,0
459,0.37521,74,10,14,0,6,0,0,0,1,0,0,0,0
458,0.36222,75,10,7,0,2,0,0,0,0,0,1,1,0
795,0.67032,56,10,9,0,3,0,0,0,1,0,0,1,0
521,0.48189,70,10,5,0,3,0,1,0,0,0,0,1,0
299,0.43559,71,9,8,0,3,0,0,0,1,0,0,0,1
253,0.44983,58,10,5,0,2,1,0,0,1,0,0,1,0
311,0.37521,71,10,8,0,5,0,0,0,1,0,0,0,0
853,0.47375,53,10,17,0,0,0,0,0,0,1,0,1,0
316,0.36608,68,10,6,0,5,0,1,0,0,0,0,0,0
433,0.38632,70,9,9,0,4,0,0,0,0,0,1,0,0
425,0.35379,82,10,9,0,2,1,0,1,0,0,0,1,0
985,0.36608,67,10,9,0,4,0,0,0,0,0,1,0,0
997,0.53191,72,9,5,0,7,0,0,0,0,0,1,1,0
906,0.54102,71,10,7,0,2,0,0,1,0,0,0,1,1
274,0.69734,80,10,7,0,3,0,0,0,1,0,0,0,1
495,0.40203,54,10,4,0,0,0,0,0,0,1,0,1,0
742,0.65663,73,10,11,0,7,1,0,0,1,0,0,0,0
416,0.451,78,10,11,0,6,0,0,0,0,0,1,0,0
990,0.55166,71,10,7,0,2,0,0,0,0,0,1,1,1
283,0.65663,65,10,9,0,3,0,0,1,0,0,0,0,0
719,0.48189,72,10,15,0,4,0,0,0,0,0,1,1,0
273,0.39991,75,10,15,0,4,0,0,0,0,1,0,0,1
690,0.54976,60,10,9,0,1,0,0,0,0,1,0,0,1
469,0.36608,60,10,8,0,4,0,0,0,1,0,0,0,0
121,0.47375,69,10,8,0,2,0,0,0,0,1,0,0,1
7994,0.39991,63,10,8,0,0,0,0,0,0,1,0,1,0
15253,0.53191,70,10,3,0,0,0,0,0,0,1,0,1,1
2647,0.51441,77,10,12,0,6,0,0,0,0,1,0,0,0
232,0.39991,60,10,10,0,1,0,0,0,0,1,0,0,0
658,0.36608,73,10,10,0,5,0,0,0,1,0,0,0,1
436,0.43746,70,10,9,0,6,0,0,0,1,0,0,0,0
396,0.55166,70,10,7,0,3,0,0,0,1,0,0,0,1
869,0.46099,71,10,10,0.05,6,0,0,0,0,0,1,1,0
825,0.36608,64,10,11,0,5,0,0,0,1,0,0,0,0
545,0.36608,80,8,5,0,7,0,0,0,0,0,1,0,0
725,0.69734,57,9,1,0,0,0,0,0,1,0,0,1,1
161,0.39547,47,10,5,0,0,0,0,0,0,1,0,0,0
618,0.71472,71,10,13,0,8,0,0,0,0,0,1,0,0
360,0.43746,65,10,6,0,1,0,0,0,1,0,0,1,1
424,0.38632,70,10,7,0,4,0,1,0,0,0,0,0,1
333,0.65663,83,9,4,0,7,0,0,0,0,1,0,1,0
1857,0.55117,64,10,9,0,3,0,0,0,0,1,0,0,1
243,0.40089,75,9,8,0.15,5,2,0,0,0,0,1,1,0
339,0.48277,53,10,8,0,0,0,0,0,0,0,1,0,0
529,0.43738,75,10,9,0,6,0,0,1,0,0,0,1,1
1638,0.55117,50,10,5,0,0,0,0,1,0,0,0,1,1
592,0.55166,78,10,3,0,4,0,0,1,0,0,0,1,0
319,0.38202,65,10,6,0,1,1,0,1,0,0,0,0,0
178,0.51441,48,10,13,0,1,0,0,0,0,1,0,1,0
448,0.46099,80,8,5,0,7,0,0,1,0,0,0,0,0
232,0.51441,68,10,4,0,2,1,0,0,0,0,1,1,0
548,0.47853,67,10,9,0,4,0,0,0,1,0,0,0,0
257,0.47375,80,9,15,0.43,8,2,0,0,1,0,0,1,0
830,0.71472,63,10,6,0,4,0,0,0,0,1,0,1,0
369,0.43738,68,10,13,0,4,0,0,0,1,0,0,0,1
808,0.48277,79,10,7,0,5,0,0,0,0,0,1,0,0
559,0.39991,73,10,3,0,2,1,0,0,0,0,1,1,0
1006,0.65663,71,10,4,0,1,0,0,1,0,0,0,1,1
233,0.51441,60,10,8,0,4,0,0,0,0,0,1,0,0
582,0.36608,69,10,19,0.08,5,2,0,1,0,0,0,1,0
186,0.35379,61,9,7,0,0,0,1,0,0,0,0,0,1
386,0.40089,87,6,8,0,6,1,0,0,0,0,1,1,0
780,0.51441,68,10,11,0,5,0,0,1,0,0,0,0,0
1558,0.43559,64,10,11,0,4,0,0,0,1,0,0,0,0
185,0.44983,77,8,7,0,3,1,0,1,0,0,0,1,1
805,0.53191,78,10,9,0,5,0,0,0,0,0,1,0,0
640,0.39547,78,7,3,0,3,0,1,0,0,0,0,1,0
239,0.35379,54,10,4,0,0,0,0,0,0,0,1,1,0
151,0.48277,70,10,3,0,0,0,0,0,1,0,0,1,1
530,0.451,77,10,8,0,5,0,0,1,0,0,0,0,0
229,0.67032,71,10,9,0,4,0,0,0,1,0,0,0,1
131,0.47853,56,10,5,0,4,0,0,0,0,1,0,1,1
1325,0.43738,64,10,16,0,1,0,0,0,0,0,1,0,0
126,0.36612,77,8,7,0,3,1,0,0,0,0,1,1,1
627,0.55117,69,10,11,0,3,0,0,0,0,1,0,1,0
316,0.38202,68,10,8,0.01,3,0,0,0,0,0,1,1,1
760,0.69734,66,9,11,0,6,0,0,0,1,0,0,0,0
2743,0.44983,78,10,11,0,6,0,0,0,0,0,1,0,1
282,0.40089,53,10,17,0,0,0,0,0,1,0,0,1,0
13094,0.37521,69,9,1,0,5,0,0,0,1,0,0,1,0
296,0.51441,59,10,10,0,2,0,0,0,1,0,0,0,0
359,0.37521,71,10,10,0.05,6,0,0,0,1,0,0,1,0
603,0.53191,62,10,8,0,0,0,0,0,0,0,1,0,1
496,0.54976,70,10,14,0,5,0,0,0,1,0,0,0,0
203,0.55839,71,10,11,0,4,0,0,0,1,0,0,0,0
688,0.54102,76,10,9,0,7,0,0,0,0,0,1,0,0
477,0.54976,67,10,4,0,1,0,0,0,1,0,0,1,0
737,0.44983,68,10,11,0,4,0,0,0,1,0,0,0,0
712,0.40089,60,10,9,0,1,0,0,0,0,1,0,0,1
674,0.43617,71,10,10,0.05,6,0,0,0,0,0,1,1,0
1117,0.55117,67,10,11,0,4,0,0,1,0,0,0,1,1
1242,0.40089,63,10,7,0,2,0,0,0,0,1,0,0,0
245,0.38202,58,10,10,0,0,0,0,0,1,0,0,0,0
249,0.38202,80,9,15,0.43,8,2,0,0,1,0,0,1,0
249,0.55117,69,10,10,0,2,0,0,0,1,0,0,0,0
293,0.36612,56,10,9,0,3,0,0,0,1,0,0,1,0
444,0.43617,84,7,5,0,5,0,1,0,0,0,0,1,1
716,0.67032,92,9,11,0.23,8,2,0,0,1,0,0,1,0
378,0.7246,69,10,6,0,2,0,0,0,1,0,0,0,1
140,0.38202,69,10,8,0,3,0,0,0,0,0,1,1,0
376,0.35379,70,10,10,0,6,0,0,0,0,1,0,0,0
356,0.46099,53,9,1,0,0,0,0,0,0,1,0,1,0
640,0.40203,74,10,6,0,5,0,0,0,1,0,0,0,0
4026,0.55117,78,10,11,0,6,0,0,0,0,1,0,0,1
366,0.38632,83,8,3,0,4,0,0,0,1,0,0,1,0
127,0.48189,71,10,9,0,4,0,0,0,0,0,1,0,0
9834,0.36612,70,10,8,0,4,0,0,0,0,1,0,1,0
271,0.39547,67,10,7,0,4,0,0,0,1,0,0,1,0
212,0.54976,75,10,9,0,3,0,1,0,0,0,0,0,1
639,0.451,70,10,10,0,5,0,0,0,0,1,0,1,0
3165,0.35379,60,10,6,0,3,0,0,0,0,1,0,0,1
404,0.43559,63,10,4,0,5,1,0,1,0,0,0,1,1
304,0.46099,60,9,2,0,3,0,0,1,0,0,0,1,1
455,0.43559,68,10,13,0,4,0,0,0,0,1,0,0,0
389,0.36612,69,7,10,0,1,0,0,0,0,1,0,0,0
404,0.39991,52,10,6,0,2,0,0,0,0,1,0,1,0
517,0.43617,74,10,11,0,5,0,0,1,0,0,0,0,0
541,0.47375,52,10,4,0,2,0,0,0,0,0,1,0,0
730,0.54976,77,9,5,0,5,0,0,0,0,0,1,1,0
255,0.51441,70,10,5,0,3,0,0,0,0,1,0,1,0
487,0.55839,65,10,8,0,2,0,0,0,0,1,0,0,0
427,0.451,66,10,9,0,4,0,0,0,0,0,1,0,0
503,0.39991,78,10,9,0,5,0,0,0,0,1,0,0,0
940,0.47375,77,9,7,0,2,1,0,0,0,0,1,0,0
337,0.36608,56,8,5,0,3,0,0,0,1,0,0,0,1
2287,0.40203,63,10,8,0,0,0,0,0,0,1,0,1,0
368,0.43746,77,9,15,0.14,6,2,0,0,1,0,0,1,1
600,0.37521,66,9,5,0,1,0,0,0,0,1,0,0,0
253,0.7246,72,8,2,0,0,0,0,0,0,0,1,1,0
514,0.40203,62,10,8,0,0,0,0,0,1,0,0,0,1
769,0.40203,81,10,4,0,1,1,0,0,1,0,0,1,1
952,0.44983,68,10,7,0,4,0,0,0,0,1,0,0,0
997,0.451,73,10,10,0,3,0,0,0,1,0,0,0,1
239,0.46099,64,10,10,0,4,0,0,0,1,0,0,1,1
495,0.43738,79,7,2,0,3,1,0,0,0,0,1,0,1
523,0.451,57,10,6,0,2,0,0,1,0,0,0,0,0
308,0.36612,67,10,7,0,4,0,0,0,0,0,1,0,0
852,0.65663,63,10,12,0,5,0,0,0,0,0,1,1,0
437,0.37521,77,9,7,0,2,1,0,1,0,0,0,0,0
122,0.36608,73,10,7,0.09,6,2,0,1,0,0,0,1,0
981,0.36612,53,10,8,0,0,0,0,0,1,0,0,0,0
1149,0.48189,75,10,11,0,4,0,0,1,0,0,0,0,0
213,0.39547,86,6,5,0,5,1,0,1,0,0,0,1,0
427,0.39547,69,10,2,0,1,0,0,0,1,0,0,1,0
1580,0.40203,51,9,5,0,0,0,0,0,1,0,0,1,0
625,0.53191,69,10,2,0,1,0,0,0,1,0,0,1,0
674,0.53191,73,10,11,0,6,0,0,1,0,0,0,0,0
325,0.47375,64,10,5,0,1,0,0,0,0,0,1,1,0
346,0.51441,87,7,2,0,3,1,0,0,0,0,1,1,0
579,0.39547,68,10,6,0,5,0,0,0,0,1,0,0,0
424,0.43738,79,10,7,0,5,0,0,0,1,0,0,0,0
468,0.43738,81,8,3,0,1,1,0,0,0,1,0,1,0
579,0.69734,69,9,10,0,4,0,0,0,0,1,0,0,0
412,0.7246,71,9,9,0,0,0,0,0,0,1,0,0,0
1128,0.65663,68,10,6,0,6,0,0,0,0,0,1,0,0
439,0.55839,58,10,10,0,0,0,0,0,0,1,0,0,0
633,0.43746,57,10,9,0,0,0,0,1,0,0,0,0,0
196,0.67032,87,6,3,0,5,1,0,0,1,0,0,1,1
592,0.7246,74,10,12,0,7,0,0,0,1,0,0,1,1
971,0.54102,80,10,4,0,6,0,0,0,0,1,0,0,0
392,0.55117,75,9,8,0.15,5,2,0,0,0,1,0,1,0
1403,0.65663,64,9,4,0,3,0,0,0,1,0,0,1,0
428,0.67032,65,10,9,0,0,0,0,0,0,1,0,0,1
694,0.54976,90,9,7,0.63,7,2,0,0,0,0,1,1,0
490,0.38202,47,10,8,0,0,0,0,0,0,0,1,0,0
487,0.54102,69,10,11,0,5,0,0,0,1,0,0,0,0
500,0.37521,58,10,8,0,0,0,0,0,0,1,0,0,0
6610,0.46099,63,10,7,0,3,0,0,0,1,0,0,1,1
635,0.46099,57,10,4,0,0,0,0,0,0,0,1,1,0
16166,0.65663,79,8,6,0.43,6,2,0,0,0,1,0,0,0
321,0.7246,65,8,13,0.74,8,2,0,0,1,0,0,1,0
545,0.48277,72,9,5,0,7,0,0,0,0,1,0,1,0
670,0.47853,73,9,10,0,5,0,0,0,1,0,0,1,0
529,0.38632,52,10,10,0,0,0,0,0,0,0,1,1,0
998,0.53191,75,10,4,0,3,0,0,0,0,1,0,1,1
380,0.48189,61,10,2,0,5,0,0,0,1,0,0,1,0
212,0.36222,68,9,3,0,4,0,0,0,1,0,0,1,0
405,0.55839,83,10,8,0.13,7,2,0,0,0,0,1,1,0
915,0.35379,71,10,8,0,5,0,0,0,0,0,1,0,0
515,0.43746,69,10,11,0,3,0,0,0,1,0,0,1,0
168,0.40089,72,10,5,0.02,5,2,0,0,0,0,1,1,0
517,0.48277,68,10,9,0,3,0,0,0,0,1,0,1,0
515,0.43746,76,10,11,0,6,0,0,0,0,1,0,0,0
778,0.47853,73,10,11,0,6,0,0,0,0,1,0,0,0
359,0.7246,30,10,14,0,1,0,0,0,1,0,0,0,0
516,0.38632,69,10,11,0,5,0,0,0,1,0,0,0,0
1572,0.36612,71,10,6,0,5,0,0,0,0,0,1,1,0
768,0.43746,87,8,5,0,3,1,0,0,1,0,0,1,0
433,0.67032,79,10,5,0,4,0,0,0,0,0,1,1,0
292,0.54976,63,10,10,0.03,7,2,0,1,0,0,0,0,1
420,0.43746,47,10,13,0,0,0,0,0,1,0,0,0,0
2636,0.36608,80,10,4,0,6,0,0,0,0,1,0,0,0
344,0.48189,44,10,3,0,0,0,0,0,0,1,0,0,0
600,0.38202,86,7,7,0.2,7,2,0,0,0,0,1,0,0
802,0.55117,56,8,3,0,3,0,0,1,0,0,0,1,0
752,0.39547,59,10,8,0,1,0,0,0,1,0,0,0,1
426,0.43617,73,10,11,0,6,0,0,0,0,1,0,0,0
447,0.69734,73,10,9,0,5,0,0,0,0,1,0,1,0
639,0.43559,73,10,10,0,6,0,0,0,1,0,0,0,1
355,0.48189,63,10,7,0,0,0,0,0,0,1,0,0,0
495,0.451,62,10,10,0,5,0,0,1,0,0,0,0,0
309,0.36222,77,6,22,0.91,8,2,0,0,1,0,0,0,0
528,0.43617,60,6,3,0,6,0,0,0,0,1,0,1,0
350,0.39991,83,8,2,0,7,1,0,0,0,1,0,1,0
754,0.38202,81,10,5,0,7,0,0,0,0,1,0,1,0
865,0.43738,81,8,8,0,4,0,0,0,0,1,0,0,0
912,0.69734,69,10,13,0,5,0,0,0,1,0,0,0,0
388,0.38632,67,10,5,0,2,0,0,0,1,0,0,1,1
1944,0.43559,78,10,9,0.02,7,2,0,0,1,0,0,0,1
283,0.43746,86,7,12,1.43,7,2,0,0,0,1,0,0,0
1171,0.79628,83,7,9,0,6,1,0,0,1,0,0,1,0
369,0.47853,78,9,11,0,7,0,0,0,0,1,0,1,0
244,0.35379,90,9,7,0.63,7,2,0,0,0,1,0,1,0
548,0.43559,54,10,2,0,1,0,0,0,0,1,0,1,1
329,0.53191,46,10,9,0,3,0,0,1,0,0,0,0,0
1082,0.46099,75,9,12,0.23,6,2,0,0,0,1,0,0,1
2025,0.40203,64,9,4,0,3,0,0,0,0,1,0,1,0
194,0.39547,70,10,3,0,0,1,0,0,0,0,1,1,0
424,0.38202,66,10,5,0,6,0,0,1,0,0,0,0,1
976,0.51441,74,9,9,0,3,0,0,0,0,1,0,0,0
454,0.53191,83,7,3,0,6,1,0,0,0,1,0,1,1
294,0.53191,69,10,8,0,2,0,0,0,0,0,1,0,1
700,0.38632,72,10,13,0,5,0,0,0,0,1,0,0,1
279,0.54976,69,10,8,0,2,0,0,0,0,0,1,0,1
466,0.43746,64,10,8,0,1,0,0,0,0,0,1,0,0
372,0.44983,72,9,5,0,7,0,0,0,0,1,0,1,0
440,0.47853,79,8,6,0.43,6,2,0,0,0,1,0,0,0
540,0.55117,50,10,8,0,1,0,0,0,1,0,0,1,0
902,0.36612,75,10,9,0,3,0,0,0,0,1,0,0,1
492,0.54102,61,10,3,0,2,0,0,0,0,1,0,0,0
486,0.79628,66,10,5,0,6,0,0,0,1,0,0,0,1
450,0.47853,73,10,7,0.09,6,2,0,0,1,0,0,1,0
504,0.7246,60,9,2,0,1,0,0,0,0,0,1,1,0
634,0.38632,86,5,5,0.01,3,1,0,0,1,0,0,1,0
679,0.48189,63,10,4,0,5,1,0,0,0,1,0,1,1
839,0.54976,68,10,11,0,5,0,0,1,0,0,0,0,0
374,0.53191,36,10,5,0,0,0,0,1,0,0,0,0,1
511,0.47853,47,10,5,0,0,0,0,0,1,0,0,0,0
1592,0.55166,73,9,8,0,5,0,0,0,0,1,0,1,0
483,0.55166,47,10,13,0,0,0,0,1,0,0,0,0,0
186,0.36608,86,5,5,0,8,1,0,0,0,1,0,1,0
548,0.451,69,10,10,0,0,0,0,0,1,0,0,0,0
288,0.67032,67,10,7,0,4,0,0,0,0,0,1,1,0
458,0.79628,72,10,9,0,4,0,0,0,0,1,0,1,1
347,0.47375,69,10,13,0,5,0,0,0,0,0,1,0,0
473,0.40089,92,10,9,0,6,0,0,0,1,0,0,1,0
509,0.35379,92,6,9,0.35,8,2,0,0,0,1,0,1,1
1554,0.55166,69,10,10,0,2,0,0,0,0,0,1,0,0
155,0.40203,46,10,5,0,0,0,0,0,1,0,0,1,0
687,0.65663,72,10,11,0,5,0,0,0,0,0,1,1,0
198,0.67032,71,10,12,0,6,0,0,0,1,0,0,0,1
397,0.36222,79,10,5,0,4,0,0,0,0,0,1,1,0
236,0.55166,64,10,7,0,1,0,0,0,0,0,1,1,1
768,0.55117,30,10,14,0,1,0,0,1,0,0,0,0,0
558,0.48189,55,10,8,0,1,0,0,0,1,0,0,0,0
235,0.54976,65,10,6,0,4,0,0,0,0,0,1,1,0
140,0.37521,77,9,15,0.14,6,2,0,0,0,0,1,1,1
308,0.37521,69,9,1,0,3,0,0,0,0,0,1,1,0
195,0.48189,64,10,8,0,3,0,0,0,1,0,0,1,1
873,0.47853,76,10,11,0,6,0,0,0,1,0,0,0,0
607,0.51441,69,9,1,0,5,0,0,0,1,0,0,1,0
1257,0.71472,87,9,8,0.1,7,2,0,0,0,0,1,0,0
416,0.44983,45,10,10,0,1,0,0,0,1,0,0,0,1
691,0.35379,53,10,7,0,0,0,0,0,0,0,1,0,0
742,0.46099,72,10,22,0,3,0,0,1,0,0,0,0,0
1403,0.40203,71,10,10,0,3,0,0,0,1,0,0,0,1
462,0.451,83,8,2,0,7,1,0,0,1,0,0,1,0
786,0.43738,65,10,6,0,1,0,0,0,1,0,0,1,0
889,0.36222,51,10,6,0,0,0,0,0,1,0,0,0,0
370,0.79628,71,10,8,0,3,1,0,0,1,0,0,0,1
559,0.43746,66,9,5,0,1,0,0,0,0,1,0,0,0
942,0.36608,61,10,8,0,1,0,0,0,1,0,0,0,1
830,0.54976,47,10,8,0,0,0,0,0,1,0,0,0,0
959,0.47853,72,10,13,0,7,0,0,0,1,0,0,1,1
457,0.43746,53,10,11,0,0,0,0,0,0,1,0,0,0
252,0.69734,73,10,5,0,1,0,0,0,0,0,1,1,0
8354,0.48189,64,10,14,0,5,0,0,0,0,1,0,0,0
819,0.451,71,10,12,0,6,0,0,0,0,0,1,0,1
372,0.43746,69,10,8,0,4,0,0,0,0,0,1,0,0
213,0.37521,47,10,13,0,0,0,0,0,1,0,0,0,0
326,0.7246,73,10,6,0,6,0,0,0,0,0,1,1,0
231,0.36612,64,10,4,0,6,0,0,0,0,1,0,1,0
415,0.47375,92,9,11,0.23,8,2,0,0,0,1,0,1,0
338,0.46099,65,10,8,0,2,0,0,0,0,1,0,0,0
1151,0.38202,69,10,19,0.08,5,2,0,0,0,1,0,1,0
193,0.36612,69,9,9,0,2,0,0,1,0,0,0,0,0
511,0.43559,56,10,9,0,2,0,0,0,0,0,1,1,0
199,0.39547,72,9,12,0,6,0,0,1,0,0,0,1,0
407,0.48277,71,10,6,0,1,0,0,0,0,0,1,1,0
740,0.47853,76,10,10,0,6,0,0,0,1,0,0,0,1
546,0.43617,87,8,5,0,3,1,0,0,0,0,1,1,0
3958,0.36612,70,10,9,0,6,0,0,0,1,0,0,0,1
530,0.43559,64,10,12,0,4,0,0,0,0,1,0,0,0
4372,0.65663,36,10,5,0,0,0,0,0,1,0,0,0,1
447,0.67032,74,10,10,0,3,0,0,0,0,1,0,0,0
242,0.71472,87,8,5,0.01,6,3,0,0,0,1,0,0,0
643,0.44983,47,10,6,0,3,0,0,0,1,0,0,0,0
562,0.55117,75,10,9,0,6,0,0,0,1,0,0,1,1
6438,0.53191,73,10,9,0,4,0,0,0,1,0,0,0,1
354,0.35379,63,10,12,0,5,0,0,0,1,0,0,1,0
1019,0.55117,60,10,10,0,1,0,0,1,0,0,0,0,0
687,0.35379,69,10,10,0,2,0,0,0,0,1,0,0,0
708,0.43746,67,10,4,0,1,0,1,0,0,0,0,1,0
384,0.451,74,10,9,0,4,0,0,0,1,0,0,0,0
1233,0.35379,49,10,7,0,0,0,0,0,0,1,0,1,0
1137,0.79628,78,10,11,0,6,0,1,0,0,0,0,0,1
730,0.79628,71,10,4,0,3,1,0,0,0,1,0,1,0
469,0.65663,70,10,4,0,0,0,1,0,0,0,0,1,1
515,0.40203,66,10,12,0,1,0,0,0,0,0,1,1,0
406,0.54102,69,9,9,0,4,0,0,0,0,1,0,0,1
499,0.43617,77,9,7,0,2,1,0,0,0,0,1,0,0
663,0.55166,73,10,7,0,6,0,0,1,0,0,0,0,1
600,0.55117,62,10,10,0,5,0,0,1,0,0,0,0,0
886,0.79628,73,10,7,0.09,6,2,0,0,1,0,0,1,0
422,0.53191,69,10,14,0,4,0,0,0,0,0,1,1,0
111,0.36608,83,8,3,0,4,0,0,0,0,0,1,1,0
267,0.40203,67,10,9,0,1,0,0,0,1,0,0,0,0
337,0.35379,69,9,9,0,2,0,0,0,0,0,1,0,0
339,0.451,30,10,14,0,1,0,0,0,0,0,1,0,0
949,0.79628,83,7,9,0,6,1,0,0,0,1,0,1,0
932,0.39547,58,10,8,0,0,0,0,1,0,0,0,0,0
531,0.67032,78,7,3,0,3,0,0,0,0,1,0,1,0
368,0.36612,49,10,7,0,0,0,0,0,0,1,0,1,0
351,0.48189,55,10,5,0,1,0,0,0,0,1,0,1,0
258,0.48277,66,9,3,0,1,0,0,0,0,0,1,1,0
312,0.39547,73,10,10,0,5,0,0,0,0,0,1,0,0
374,0.71472,67,10,9,0,5,0,0,0,0,1,0,0,0
376,0.71472,57,10,9,0,0,0,0,0,1,0,0,0,0
261,0.54102,26,10,16,0,0,0,0,0,0,1,0,0,0
1430,0.37521,70,10,13,0,2,0,0,0,0,1,0,0,0
1224,0.39547,62,10,10,0,5,0,0,0,1,0,0,0,0
633,0.47853,69,10,10,0,4,0,0,0,0,1,0,0,0
489,0.38632,73,10,10,0,6,0,0,0,0,1,0,0,0
444,0.54976,71,10,10,0,3,0,0,0,1,0,0,0,1
685,0.40089,77,10,8,0,5,0,0,0,0,1,0,0,0
345,0.48277,73,9,6,0,3,0,0,0,0,0,1,1,0
1331,0.54976,71,8,13,0,3,1,0,0,0,0,1,1,1
320,0.40089,49,10,7,0,0,0,0,0,1,0,0,1,0
569,0.37521,60,10,9,0,1,0,0,0,0,0,1,0,1
439,0.53191,68,10,13,0,4,0,0,0,0,1,0,0,0
363,0.54102,74,10,12,0,7,0,0,0,0,1,0,1,1
16456,0.54102,73,10,8,0,4,0,0,0,1,0,0,0,1
388,0.43617,69,10,2,0,1,0,0,0,0,0,1,1,0
221,0.39547,69,10,11,0,5,0,0,1,0,0,0,0,0
733,0.451,46,10,9,0,3,0,0,1,0,0,0,0,0
269,0.55166,69,6,3,0,2,1,0,0,0,1,0,1,0
4938,0.43617,64,10,6,0,2,0,0,0,0,0,1,0,0
475,0.48277,63,10,12,0,1,0,0,0,0,1,0,1,0
3328,0.36222,64,10,9,0,0,0,0,0,0,0,1,0,0
452,0.43617,64,10,3,0,1,0,0,1,0,0,0,1,1
392,0.43617,71,10,6,0,1,0,0,0,1,0,0,1,0
558,0.55117,74,9,9,0.01,6,2,0,0,1,0,0,0,0
315,0.43617,76,8,2,0,6,0,0,1,0,0,0,1,0
207,0.55839,69,10,5,0,5,0,0,1,0,0,0,1,0
588,0.43559,60,10,6,0,3,0,0,0,0,1,0,0,1
1419,0.54976,53,10,8,0,0,0,0,0,0,0,1,0,0
490,0.40089,58,10,11,0,1,0,0,0,1,0,0,0,0
854,0.55117,63,10,7,0,0,0,0,0,0,1,0,0,0
209,0.53191,68,10,19,0,2,0,0,0,1,0,0,1,0
523,0.43617,63,10,11,0,5,0,0,0,1,0,0,0,0
574,0.35379,73,10,10,0,5,0,0,0,0,0,1,0,0
732,0.51441,68,10,19,0,2,0,0,0,0,1,0,1,0
328,0.51441,69,10,4,0,3,0,0,0,0,1,0,0,0
886,0.48189,40,10,11,0,1,0,0,0,0,0,1,0,0
710,0.79628,70,10,8,0,5,0,0,0,0,0,1,1,1
951,0.36222,49,10,8,0,0,0,0,0,0,1,0,1,0
267,0.55166,41,10,7,0,1,0,0,0,0,1,0,1,0
316,0.37521,71,9,9,0,3,0,0,0,0,1,0,0,1
439,0.48189,64,10,9,0,0,0,0,0,0,0,1,0,0
237,0.54976,70,10,8,0,3,0,0,0,0,0,1,1,0
351,0.451,87,7,2,0,3,1,0,0,1,0,0,1,0
271,0.36612,67,10,14,0,2,0,0,0,1,0,0,1,1
1033,0.451,73,10,10,0,3,0,0,0,0,1,0,0,1
1041,0.44983,68,10,9,0,4,0,0,0,0,1,0,0,0
282,0.53191,63,10,9,0,3,0,0,1,0,0,0,0,0
111,0.39991,53,10,10,0,2,0,0,0,1,0,0,1,1
959,0.7246,73,9,6,0,2,0,0,0,0,0,1,1,0
7003,0.53191,65,10,12,0,5,0,0,1,0,0,0,0,0
376,0.54102,80,8,8,0.32,8,2,0,0,0,1,0,0,0
1328,0.44983,56,7,5,0,5,0,0,0,1,0,0,0,1
518,0.54102,56,10,5,0,4,0,0,0,0,0,1,1,1
630,0.38202,65,10,8,0.01,4,2,0,1,0,0,0,1,0
471,0.451,60,9,2,0,1,0,0,0,0,0,1,1,0
574,0.47853,81,10,15,0.22,8,2,0,0,0,0,1,1,0
613,0.43617,73,10,11,0,7,1,0,0,0,0,1,0,0
250,0.55117,64,10,12,0,4,0,0,1,0,0,0,0,0
355,0.7246,60,10,7,0,1,0,0,0,0,0,1,0,1
816,0.37521,71,10,9,0,3,0,0,0,1,0,0,1,0
314,0.40203,70,10,4,0,0,0,0,0,0,1,0,1,1
680,0.53191,72,10,13,0,7,0,0,0,0,1,0,1,1
503,0.43617,69,9,9,0,2,0,0,1,0,0,0,0,0
661,0.54102,71,9,8,0.32,6,2,0,0,0,1,0,1,0
1049,0.43559,71,10,11,0,4,0,0,0,0,1,0,0,0
386,0.43617,76,10,3,0,4,1,0,0,0,1,0,1,0
260,0.55839,66,10,19,0,1,0,0,0,0,1,0,0,0
176,0.40089,75,10,9,0,6,0,0,0,1,0,0,1,1
650,0.43559,86,5,5,0,8,1,0,0,0,1,0,1,0
302,0.39547,55,10,8,0,1,0,0,0,0,0,1,0,0
615,0.48277,69,10,8,0,3,0,0,0,0,0,1,0,0
525,0.39991,65,10,4,0,5,0,0,0,0,0,1,0,0
4212,0.7246,71,10,8,0,3,1,0,0,1,0,0,0,1
52577,0.36608,69,9,1,0,3,0,1,0,0,0,0,1,0
395,0.55839,72,10,12,0,6,0,0,0,0,1,0,1,0
274,0.51441,72,10,14,0.01,4,0,0,0,0,0,1,1,0
901,0.40203,71,10,7,0,2,0,0,0,0,1,0,1,1
729,0.79628,70,10,8,0,5,0,0,0,0,1,0,1,1
674,0.53191,87,9,3,0.48,7,2,0,0,0,1,0,1,0
181,0.46099,69,10,9,0,4,0,0,0,1,0,0,1,0
298,0.54102,69,10,10,0,2,0,0,0,0,1,0,0,0
420,0.35379,73,9,8,0,5,0,0,0,1,0,0,1,0
75,0.51441,72,10,13,0,7,0,0,0,1,0,0,1,1
806,0.36222,73,9,8,0,5,0,0,0,1,0,0,1,0
276,0.451,88,9,4,0.32,7,2,0,0,0,1,0,1,1
706,0.65663,71,10,8,0,5,0,0,0,0,1,0,0,0
530,0.48277,87,7,2,0,3,1,0,0,0,1,0,1,0
1031,0.79628,68,10,13,0,5,0,0,0,1,0,0,0,0
374,0.36608,74,10,10,0,5,0,0,0,0,0,1,0,0
413,0.55839,69,10,19,0.08,5,2,0,1,0,0,0,1,0
489,0.48277,64,10,11,0,5,0,0,0,0,0,1,0,0
623,0.79628,60,10,8,0,4,0,0,1,0,0,0,0,0
393,0.47375,80,10,8,0,5,0,0,0,1,0,0,1,0
838,0.79628,65,9,2,0,5,0,0,0,0,1,0,1,0
737,0.39991,68,10,11,0,5,0,0,0,1,0,0,0,0
403,0.39547,77,10,9,0,6,0,0,0,1,0,0,1,0
963,0.55166,69,9,8,0,1,0,0,0,0,1,0,0,0
423,0.48189,53,10,6,0,1,0,0,0,0,0,1,0,0
735,0.55117,45,10,6,0,2,0,0,1,0,0,0,0,0
355,0.67032,69,10,12,0,5,0,1,0,0,0,0,1,1
28107,0.54102,80,10,15,0,6,0,0,0,0,1,0,0,0
756,0.44983,90,9,7,0.63,7,2,0,1,0,0,0,1,0
165,0.36222,71,10,9,0,2,0,0,0,0,1,0,0,0
320,0.79628,41,10,7,0,1,0,0,0,1,0,0,1,0
522,0.55839,53,10,8,0,0,0,0,0,0,1,0,0,0
397,0.451,68,10,2,0,3,0,0,0,0,1,0,1,0
204,0.48277,65,10,6,0,4,0,0,0,1,0,0,1,0
688,0.40089,67,10,9,0,5,0,0,0,0,1,0,0,0
729,0.54976,65,10,8,0.01,4,2,1,0,0,0,0,1,0
599,0.55117,50,10,3,0,1,0,0,1,0,0,0,1,0
598,0.451,64,10,9,0,0,0,0,0,0,0,1,0,0
793,0.38202,60,10,7,0,1,0,0,0,0,0,1,0,0
196,0.39547,77,9,7,0,2,1,0,0,0,1,0,0,0
742,0.47853,61,10,14,0,2,0,0,0,0,1,0,0,0
318,0.46099,85,8,12,0.25,8,2,0,0,0,0,1,1,0
757,0.69734,61,10,9,0,0,0,0,1,0,0,0,0,0
525,0.43617,69,10,19,0.08,5,2,0,0,0,1,0,1,0
345,0.43617,73,10,10,0,3,0,0,0,0,0,1,0,1
281,0.53191,67,10,9,0,5,0,0,1,0,0,0,0,0
292,0.54976,77,9,9,0,3,0,0,0,1,0,0,0,1
271,0.39991,79,9,9,0.01,7,0,0,0,0,0,1,1,0
725,0.35379,68,10,13,0,5,0,0,0,0,0,1,0,0
784,0.43559,71,10,12,0,6,0,0,1,0,0,0,0,0
610,0.38632,77,10,12,0,6,0,0,1,0,0,0,0,0
141,0.39547,66,10,12,0,5,0,0,0,0,1,0,0,0
196,0.67032,74,10,7,0.07,4,5,0,0,0,0,1,1,1
579,0.65663,60,10,8,0,2,0,0,0,1,0,0,0,0
455,0.43746,88,9,6,0.18,7,3,0,0,0,0,1,0,0
339,0.48189,69,10,8,0,3,0,0,0,1,0,0,1,0
408,0.40203,56,10,3,0,2,0,0,1,0,0,0,1,0
6861,0.38632,88,9,4,0.32,7,2,0,0,0,1,0,1,1
608,0.37521,56,10,4,0.11,7,2,0,0,0,1,0,0,0
396,0.54102,72,10,9,0,4,0,0,0,0,0,1,0,0
317,0.48189,51,9,5,0,0,0,0,0,1,0,0,1,0
343,0.36608,69,10,10,0,2,0,0,0,0,0,1,0,0
426,0.40089,64,10,20,0,1,0,0,0,0,1,0,0,0
1023,0.67032,67,10,10,0,4,0,0,1,0,0,0,0,0
527,0.79628,45,10,2,0,0,0,0,1,0,0,0,1,0
109,0.51441,70,10,6,0,3,0,0,1,0,0,0,0,0
16732,0.43746,54,10,2,0,1,0,0,0,0,1,0,1,1
267,0.36612,65,10,8,0,2,0,0,0,1,0,0,0,0
698,0.48189,63,10,9,0,3,0,0,0,0,1,0,0,0
698,0.36608,73,9,13,0,3,0,0,0,0,0,1,1,1
237,0.39547,83,8,2,0,7,1,0,0,0,0,1,1,0
582,0.38202,59,10,10,0,2,0,0,0,0,1,0,0,0
485,0.40089,69,10,8,0,3,0,0,0,1,0,0,0,0
1547,0.67032,73,9,6,0,3,0,0,0,1,0,0,1,0
593,0.37521,56,10,5,0,4,0,0,0,0,0,1,1,1
170,0.69734,63,10,7,0,3,0,0,1,0,0,0,1,1
512,0.7246,70,10,11,0,6,0,0,0,0,0,1,0,0
492,0.451,63,10,12,0,5,0,0,1,0,0,0,1,0
742,0.43559,40,10,5,0,0,0,0,0,0,1,0,0,0
140,0.40203,92,7,6,0,6,1,0,0,1,0,0,1,0
1649,0.40203,72,10,13,0,5,0,0,0,0,1,0,0,1
614,0.451,71,10,8,0,4,0,0,1,0,0,0,0,0
567,0.55117,71,10,8,0,5,0,0,0,1,0,0,0,0
463,0.55839,86,6,2,0,2,1,0,0,1,0,0,1,0
556,0.37521,73,10,6,0,6,0,0,0,1,0,0,1,0
5116,0.39547,72,10,10,0,5,0,0,0,0,1,0,0,0
430,0.40089,73,10,8,0,5,0,0,0,0,1,0,0,0
836,0.43559,74,10,14,0,6,0,0,0,1,0,0,0,0
276,0.53191,72,10,3,0,5,0,0,1,0,0,0,1,0
455,0.67032,67,10,9,0,4,0,0,0,0,0,1,0,0
1064,0.67032,65,10,8,0,2,0,0,0,0,1,0,0,0
227,0.54976,66,10,5,0,6,0,0,0,0,0,1,0,1
321,0.36612,66,9,3,0,1,0,0,0,1,0,0,1,0
1210,0.55166,86,10,3,0,4,0,0,0,0,1,0,1,1
920,0.37521,78,10,9,0,2,0,0,0,0,1,0,1,1
6370,0.46099,61,9,8,0,1,1,0,0,0,1,0,1,1
262,0.48277,66,10,5,0,7,0,0,0,1,0,0,0,0
593,0.79628,72,9,5,0,7,0,0,0,0,1,0,1,0
331,0.67032,58,10,1,0,3,0,0,0,0,0,1,1,0
651,0.7246,68,10,13,0,4,0,0,0,0,0,1,0,0
667,0.48189,75,10,12,0,6,0,0,0,1,0,0,1,0
147,0.451,72,10,5,0,3,0,1,0,0,0,0,0,0
273,0.53191,70,10,11,0,6,0,0,1,0,0,0,0,0
433,0.451,77,10,6,0.1,7,2,0,0,1,0,0,1,0
546,0.55839,71,10,8,0,5,1,0,0,0,1,0,0,0
271,0.51441,47,10,5,0,0,0,0,0,1,0,0,0,0
380,0.46099,86,6,5,0,5,1,0,0,0,0,1,1,0
706,0.44983,70,10,2,0,1,0,0,0,0,1,0,1,0
356,0.36608,80,8,8,0.32,8,2,0,1,0,0,0,0,0
581,0.38202,66,10,10,0,6,0,0,0,0,0,1,0,0
204,0.54102,76,9,3,0,5,0,0,1,0,0,0,1,0
398,0.38632,58,10,11,0,1,0,0,0,0,1,0,0,0
640,0.69734,77,10,8,0,4,0,0,0,0,1,0,0,0
1314,0.48277,64,10,14,0,5,0,0,0,1,0,0,0,0
312,0.36222,82,5,10,0,5,1,0,0,1,0,0,1,0
13908,0.55839,54,10,2,0,1,0,0,0,1,0,0,1,1
466,0.40089,69,10,10,0,4,0,0,0,0,0,1,0,0
131,0.53191,71,10,6,0,5,0,0,1,0,0,0,1,0
1096,0.71472,62,10,6,0,0,0,0,1,0,0,0,0,0
438,0.36608,43,10,5,0,1,0,0,0,0,1,0,0,0
301,0.44983,71,10,8,0,5,0,0,0,0,1,0,0,0
1171,0.48189,64,10,1,0,1,0,0,0,1,0,0,1,1
6046,0.48277,69,10,8,0,3,0,0,0,1,0,0,0,1
630,0.67032,43,10,5,0,1,0,0,0,1,0,0,0,0
1438,0.37521,64,10,4,0,6,0,0,0,0,1,0,1,0
261,0.47375,73,10,10,0,5,0,0,0,0,1,0,0,0
493,0.69734,71,10,10,0,7,0,0,0,0,1,0,0,0
321,0.65663,72,10,11,0,5,0,0,1,0,0,0,1,0
184,0.47375,68,10,6,0,6,0,0,0,0,0,1,0,0
1020,0.40089,72,10,22,0,3,0,0,0,0,0,1,0,0
331,0.53191,56,10,9,0,2,0,0,1,0,0,0,1,0
677,0.79628,63,10,9,0,2,0,0,0,0,0,1,0,1
763,0.54976,70,10,9,0,3,0,0,0,1,0,0,0,0
261,0.48277,92,9,11,0.23,8,2,0,0,1,0,0,1,0
358,0.54976,71,10,4,0,1,0,0,0,0,0,1,1,1
581,0.65663,68,10,10,0,7,0,0,1,0,0,0,0,1
1203,0.47853,62,10,5,0,3,0,0,0,0,1,0,1,1
392,0.36222,69,10,16,0,6,0,0,0,0,1,0,0,1
298,0.37521,70,10,14,0,5,0,0,0,0,0,1,0,0
1259,0.37521,79,10,9,0,6,0,0,0,0,1,0,0,1
973,0.40203,73,10,10,0,4,0,0,0,1,0,0,0,0
174,0.54102,70,10,6,0,7,0,0,0,1,0,0,0,1
629,0.36612,78,10,3,0,4,0,0,0,0,1,0,1,0
311,0.43617,76,10,9,0,5,0,0,0,0,0,1,0,0
604,0.46099,61,10,3,0,2,0,0,0,0,1,0,0,0
882,0.65663,62,10,6,0,0,0,0,0,0,1,0,0,0
407,0.69734,50,10,6,0,2,0,0,1,0,0,0,0,0
332,0.55117,51,9,5,0,0,0,0,0,0,0,1,1,0
339,0.36222,79,10,5,0,4,0,0,1,0,0,0,1,0
714,0.451,71,10,9,0.02,5,2,0,0,1,0,0,1,0
583,0.53191,74,10,9,0,5,0,0,0,0,1,0,0,1
200,0.39991,87,8,5,0,3,1,0,0,0,1,0,1,0
1065,0.65663,74,10,7,0,4,0,0,0,0,1,0,0,0
462,0.40203,74,10,10,0,3,0,0,0,0,0,1,0,0
687,0.39991,60,10,8,0,2,0,0,0,1,0,0,0,0
581,0.54976,70,10,4,0,0,0,0,0,0,1,0,1,1
1384,0.38202,67,10,6,0,1,0,0,0,0,1,0,0,1
418,0.55839,72,10,9,0,4,0,0,0,0,0,1,0,0
361,0.451,54,10,4,0,0,0,1,0,0,0,0,1,0
219,0.39547,61,10,3,0,2,0,0,1,0,0,0,0,0
809,0.53191,64,10,10,0,4,0,0,0,1,0,0,1,1
859,0.51441,30,10,14,0,1,0,0,0,0,0,1,0,0
227,0.43746,60,10,8,0,2,0,0,0,1,0,0,0,0
228,0.39547,73,7,3,0,3,1,0,0,1,0,0,1,0
438,0.38202,56,10,7,0,0,0,0,1,0,0,0,0,0
1373,0.47375,70,10,9,0,2,0,0,0,0,1,0,0,0
272,0.38202,54,10,2,0,5,0,0,0,1,0,0,1,0
456,0.38632,71,10,10,0,7,0,0,0,0,0,1,0,0
519,0.451,47,10,5,0,0,0,0,0,1,0,0,0,0
475,0.55166,64,10,9,0,0,0,0,0,0,1,0,0,0
217,0.43746,78,10,3,0,2,0,1,0,0,0,0,1,1
695,0.44983,64,9,4,0,3,0,0,0,1,0,0,1,0
822,0.35379,90,9,7,0.63,7,2,0,1,0,0,0,1,0
139,0.43617,69,6,3,0,2,1,0,0,0,0,1,1,0
313,0.7246,75,10,9,0,3,0,0,0,1,0,0,0,1
509,0.55166,56,10,7,0,1,0,0,1,0,0,0,0,0
941,0.44983,61,10,8,0,5,0,0,0,0,1,0,0,0
1176,0.451,78,10,3,0,2,0,0,1,0,0,0,1,1
399,0.451,48,10,2,0,3,0,0,0,0,1,0,1,0
680,0.40089,53,10,7,0,0,0,0,0,0,1,0,0,0
687,0.79628,69,6,3,0,2,1,0,0,0,0,1,1,0
225,0.55166,59,10,4,0,3,0,0,0,0,1,0,1,0
656,0.69734,60,9,2,0,1,0,0,0,0,1,0,1,0
194,0.47375,79,10,9,0,6,0,0,0,1,0,0,0,1
1634,0.47375,74,9,9,0,3,0,0,1,0,0,0,0,0
220,0.35379,64,10,8,0,1,0,0,0,0,1,0,0,0
2068,0.54102,82,5,10,0,5,1,0,0,0,0,1,1,0
542,0.7246,69,10,15,0,5,0,0,1,0,0,0,1,0
546,0.55839,71,10,4,0,1,0,0,0,0,1,0,1,0
555,0.36608,70,10,9,0,6,0,0,0,1,0,0,0,0
1187,0.48277,66,10,12,0,5,0,0,0,0,0,1,0,0
1251,0.47375,72,8,3,0,5,0,0,0,0,0,1,1,1
699,0.71472,73,10,11,0,6,0,0,0,0,1,0,0,0
1310,0.55117,82,10,9,0,2,1,0,0,0,1,0,1,0
716,0.55839,69,10,4,0,3,0,0,1,0,0,0,0,0
858,0.54976,61,9,8,0,1,1,0,0,1,0,0,1,1
865,0.48277,69,10,10,0,2,0,1,0,0,0,0,0,0
636,0.38202,80,9,7,0.28,7,2,0,1,0,0,0,1,0
590,0.37521,72,10,22,0,3,0,0,0,0,0,1,0,0
440,0.40203,71,10,7,0,5,0,0,0,1,0,0,0,0
3748,0.53191,71,10,6,0,4,0,1,0,0,0,0,0,1
276,0.36612,71,10,9,0,3,0,0,0,0,0,1,1,0
811,0.55117,69,7,10,0,1,0,1,0,0,0,0,0,0
144,0.47853,59,10,8,0,1,0,0,0,0,1,0,0,0
1287,0.69734,74,10,21,0,3,0,0,1,0,0,0,0,0
1309,0.47375,64,10,11,0,4,0,0,1,0,0,0,0,0
300,0.54976,62,10,6,0,0,0,0,0,0,0,1,0,0
226,0.36608,73,10,10,0,3,0,0,1,0,0,0,0,1
272,0.65663,71,9,9,0,0,0,0,1,0,0,0,0,0
472,0.54102,66,10,7,0,2,0,0,0,1,0,0,1,0
185,0.67032,50,10,5,0,1,0,0,0,1,0,0,1,0
369,0.47853,64,9,8,0,2,0,0,0,0,1,0,0,0
1112,0.43738,86,7,7,0.2,7,2,0,0,0,0,1,0,0
114,0.44983,63,10,6,0,1,0,0,0,0,1,0,1,1
228,0.44983,73,9,10,0,5,0,0,0,0,1,0,1,0
593,0.43559,72,10,22,0,3,0,0,0,1,0,0,0,0
1815,0.36612,61,10,2,0,5,0,0,0,0,1,0,1,0
1537,0.43738,62,10,5,0,6,0,0,0,0,1,0,0,1
1315,0.38202,71,10,9,0,3,0,0,0,1,0,0,1,0
324,0.40089,77,10,8,0,3,1,0,0,0,1,0,0,0
617,0.46099,65,10,15,0,2,0,0,0,1,0,0,0,0
318,0.43559,61,10,4,0,0,0,0,0,0,0,1,1,0
327,0.47375,53,10,7,0,0,0,0,0,0,0,1,0,0
384,0.43617,70,10,6,0,7,0,0,0,0,0,1,0,1
365,0.47853,75,10,9,0,7,0,0,0,1,0,0,1,0
780,0.65663,52,10,6,0,2,0,0,0,0,1,0,1,0
976,0.43738,68,10,14,0,5,0,0,1,0,0,0,0,0
580,0.47853,82,5,10,0,5,1,0,0,0,1,0,1,0
234,0.43559,80,8,5,0,7,0,0,0,0,0,1,0,0
162,0.48277,83,9,4,0,7,0,0,0,0,0,1,1,0
465,0.36612,78,7,3,0,3,0,0,0,0,0,1,1,0
216,0.39547,71,10,11,0,4,0,0,1,0,0,0,0,0
477,0.36608,60,10,8,0,4,0,0,0,0,0,1,0,0
581,0.48189,56,8,5,0,3,0,0,0,1,0,0,0,1
808,0.48189,69,10,4,0,3,0,0,0,0,1,0,0,0
368,0.7246,72,10,3,0,5,0,0,0,0,1,0,1,0
263,0.51441,55,10,5,0,1,0,0,0,0,0,1,0,1
276,0.7246,62,10,6,0,0,0,0,0,0,0,1,0,0
264,0.38202,80,10,9,0,6,0,0,0,0,1,0,0,0
351,0.36612,56,10,7,0,1,0,0,0,1,0,0,0,0
373,0.43746,52,10,6,0,2,0,0,0,1,0,0,1,0
719,0.55166,83,7,9,0,6,1,0,0,1,0,0,1,0
983,0.39991,80,6,14,3.12,8,2,0,0,1,0,0,1,0
425,0.35379,63,9,7,0,0,0,1,0,0,0,0,1,1
335,0.43746,74,10,8,0,5,0,0,0,0,1,0,0,0
355,0.37521,51,9,5,0,0,0,1,0,0,0,0,1,0
577,0.39991,84,8,5,0,7,0,0,0,0,0,1,1,0
482,0.54976,69,9,8,0,1,0,0,0,1,0,0,0,0
393,0.43559,68,10,9,0,7,0,0,0,0,0,1,0,0
207,0.67032,77,10,8,0,3,1,1,0,0,0,0,0,0
337,0.46099,73,10,6,0,6,0,0,0,0,0,1,1,0
216,0.40089,74,10,7,0,4,0,0,1,0,0,0,0,0
253,0.40089,73,10,10,0,4,0,0,0,0,0,1,0,0
691,0.451,61,10,3,0,2,0,0,1,0,0,0,0,0
1345,0.79628,68,10,13,0,4,0,1,0,0,0,0,0,1
169,0.69734,74,9,9,0.01,6,2,0,0,0,0,1,0,0
681,0.43746,70,10,3,0,1,0,0,0,0,0,1,1,0
570,0.43738,61,10,8,0,1,0,0,0,1,0,0,0,1
217,0.40089,72,10,13,0,8,0,0,0,0,0,1,1,0
1938,0.48189,69,10,9,0,5,0,0,0,0,1,0,0,0
276,0.48189,72,10,14,0.01,4,0,0,0,0,0,1,1,0
321,0.47375,63,10,13,0,4,0,0,0,1,0,0,1,0
433,0.38202,62,10,6,0,0,0,0,1,0,0,0,0,0
415,0.53191,58,10,6,0,1,0,0,0,0,0,1,1,0
581,0.54102,69,9,9,0,2,0,0,0,1,0,0,0,0
561,0.43559,71,10,4,0,1,0,1,0,0,0,0,1,1
368,0.36222,73,10,5,0,1,0,0,1,0,0,0,1,0
5919,0.54102,68,10,8,0.01,3,0,0,0,0,1,0,1,1
538,0.69734,66,10,10,0,6,0,0,0,1,0,0,0,0
247,0.451,67,9,10,0,1,0,0,0,0,1,0,0,0
3673,0.38632,69,10,11,0,3,0,0,0,1,0,0,0,1
473,0.44983,86,10,3,0,4,0,0,0,1,0,0,1,1
376,0.69734,58,10,10,0,0,0,0,0,1,0,0,0,0
1507,0.71472,71,10,6,0,4,0,1,0,0,0,0,0,1
365,0.55117,75,10,4,0.01,5,1,0,0,0,0,1,0,0
339,0.53191,71,10,8,0,3,1,1,0,0,0,0,0,1
217,0.40089,65,10,6,0,1,1,0,0,1,0,0,0,0
599,0.55166,71,10,8,0,5,0,0,1,0,0,0,0,0
438,0.35379,84,4,4,0,5,1,0,0,1,0,0,1,0
279,0.36612,75,9,9,0.02,6,2,0,0,0,1,0,1,1
428,0.36222,74,10,7,0,4,0,0,0,1,0,0,0,0
1479,0.43746,71,10,7,0,2,0,0,0,0,1,0,1,1
551,0.38632,80,10,15,0,6,0,0,0,1,0,0,0,0
779,0.69734,56,10,9,0,2,0,0,0,0,1,0,1,0
1218,0.79628,61,9,8,0,1,1,0,0,0,0,1,1,1
325,0.38632,74,10,16,0,3,0,0,0,1,0,0,0,0
318,0.48277,74,8,12,0.85,7,2,0,0,1,0,0,1,1
458,0.71472,51,10,6,0,0,0,0,0,1,0,0,0,0
1166,0.43559,57,10,4,0,0,0,0,0,1,0,0,1,0
2062,0.44983,50,10,10,0,0,0,0,0,1,0,0,1,0
570,0.7246,74,10,14,0,6,0,0,1,0,0,0,0,0
193,0.35379,66,9,3,0,1,0,0,0,0,0,1,1,0
692,0.36222,69,10,19,0.08,5,2,0,0,0,1,0,1,0
629,0.47853,47,10,6,0,3,0,0,0,1,0,0,0,0
548,0.37521,72,7,8,0,2,1,0,0,0,0,1,0,0
139,0.38632,71,10,9,0,2,0,1,0,0,0,0,0,0
452,0.55839,73,9,8,0,5,0,0,0,0,0,1,1,0
362,0.55166,75,10,7,0,2,0,0,0,0,1,0,1,0
1325,0.51441,59,10,2,0,0,0,0,0,1,0,0,1,1
968,0.44983,70,10,14,0,5,0,0,0,0,1,0,0,0
189,0.36608,56,10,9,0,2,0,0,0,1,0,0,1,0
484,0.40203,92,6,9,0.35,8,2,0,0,0,1,0,1,1
230,0.39547,50,10,6,0,2,0,0,0,0,0,1,0,0
325,0.48189,74,10,21,0,3,0,0,0,0,1,0,0,0
290,0.38632,67,9,10,0,1,0,0,0,0,1,0,0,0
231,0.53191,66,9,3,0,1,0,0,0,0,1,0,1,0
691,0.53191,73,10,11,0,7,1,0,0,1,0,0,0,0
1236,0.69734,68,10,2,0,3,0,0,0,1,0,0,1,0
1682,0.71472,61,9,8,0,1,1,0,0,0,1,0,1,1
174,0.37521,74,10,11,0,5,0,0,0,0,1,0,0,0
286,0.43746,56,10,7,0,1,0,0,0,0,0,1,0,0
525,0.43617,70,10,10,0,6,0,0,0,1,0,0,0,0
733,0.67032,68,10,7,0,4,0,0,0,0,1,0,0,0
750,0.47853,70,9,9,0,4,0,0,0,0,1,0,0,0
422,0.43559,73,10,11,0,7,0,0,1,0,0,0,1,1
226,0.69734,81,10,15,0.22,8,2,0,0,0,0,1,1,0
532,0.40089,64,10,16,0,3,0,0,0,0,1,0,0,1
691,0.51441,38,10,9,0,0,0,0,0,0,0,1,0,0
891,0.55166,59,10,8,0,1,0,0,0,0,1,0,0,0
6010,0.39991,55,10,5,0,1,0,0,0,1,0,0,0,1
650,0.65663,69,10,12,0,5,0,0,0,0,1,0,1,1
333,0.36612,67,10,12,0,4,0,0,0,1,0,0,0,1
214,0.54976,74,10,6,0,5,0,0,0,1,0,0,0,0
669,0.35379,70,10,10,0,4,0,0,0,1,0,0,0,0
573,0.48189,74,10,9,0,5,0,0,0,1,0,0,0,1
927,0.38632,64,10,4,0,1,0,0,0,0,1,0,1,0
395,0.79628,76,10,3,0,4,1,0,0,0,1,0,1,0
531,0.7246,80,8,8,0.32,8,2,0,0,0,0,1,0,0
463,0.43617,62,10,6,0,0,0,0,0,0,1,0,0,0
830,0.39547,69,9,11,0,3,0,0,0,0,1,0,0,0
282,0.51441,66,9,11,0,6,0,0,0,0,1,0,0,0
461,0.39991,71,10,9,0,5,0,0,0,1,0,0,0,0
506,0.53191,63,10,6,0,4,0,0,0,1,0,0,1,0
730,0.38632,69,10,15,0,5,0,0,0,0,0,1,1,0
26961,0.55166,69,10,11,0,3,0,0,0,0,1,0,0,1
814,0.71472,81,8,8,0,4,0,0,0,0,1,0,0,0
1042,0.44983,71,10,10,0,3,0,0,0,1,0,0,0,0
1637,0.67032,47,10,13,0,0,0,0,0,0,0,1,0,0
1026,0.451,71,10,9,0,2,0,0,1,0,0,0,0,0
918,0.55166,75,10,9,0,7,0,0,0,1,0,0,1,0
820,0.67032,45,10,2,0,0,0,0,1,0,0,0,1,0
340,0.69734,68,10,9,0,5,0,0,0,1,0,0,0,0
357,0.36222,73,10,10,0,5,0,0,0,0,0,1,0,1
1368,0.46099,67,10,12,0,4,0,0,0,0,1,0,0,1
321,0.40089,68,10,9,0,4,0,0,0,0,1,0,0,0
419,0.40203,66,10,10,0,4,0,0,0,0,1,0,0,0
180,0.54102,78,10,9,0,7,0,0,1,0,0,0,1,1
248,0.53191,76,9,6,0,3,0,0,0,0,1,0,1,0
360,0.43746,70,10,10,0,5,0,0,1,0,0,0,1,0
385,0.51441,71,10,7,0,2,0,0,1,0,0,0,1,1
764,0.47375,73,10,9,0,5,0,0,0,0,0,1,1,0
413,0.37521,76,9,10,0.01,8,2,0,0,1,0,0,0,0
321,0.38632,69,10,11,0,5,0,0,0,0,1,0,0,0
437,0.37521,58,10,4,0,1,0,0,0,0,1,0,0,0
748,0.48277,69,10,10,0,2,0,0,0,1,0,0,0,0
825,0.35379,64,10,11,0,4,0,0,1,0,0,0,0,0
451,0.43617,58,10,4,0,1,0,0,0,0,0,1,0,0
841,0.40089,50,10,5,0,0,0,1,0,0,0,0,1,1
1071,0.37521,65,10,4,0,5,0,0,0,0,1,0,0,0
575,0.38632,70,10,10,0,6,0,0,0,0,1,0,0,0
318,0.37521,73,9,13,0,3,0,0,0,1,0,0,1,1
244,0.54976,75,10,9,0,3,0,0,0,1,0,0,0,1
339,0.54976,57,10,9,0,0,0,0,0,0,1,0,0,0
2501,0.71472,69,9,9,0,4,0,0,0,0,1,0,0,1
346,0.451,71,10,10,0,3,0,0,0,0,1,0,0,1
406,0.48189,87,8,5,0,3,1,0,1,0,0,0,1,0
489,0.55166,67,10,7,0,1,0,0,0,0,0,1,1,0
326,0.36222,82,9,6,0,5,0,0,0,0,0,1,1,0
2814,0.36612,70,10,9,0,4,0,0,0,0,0,1,0,0
263,0.54976,87,5,4,0,6,1,0,0,0,1,0,1,1
556,0.43617,50,10,8,0,1,0,0,0,0,1,0,1,0
585,0.43746,54,10,2,0,5,0,0,0,0,1,0,1,0
467,0.451,69,9,8,0,1,0,0,0,0,0,1,0,0
257,0.35379,61,10,8,0,4,0,0,0,0,0,1,0,0
275,0.44983,66,9,11,0,6,0,0,0,0,0,1,0,0
5286,0.38632,71,10,10,0,5,0,0,0,0,1,0,0,0
650,0.55839,68,10,13,0,4,0,0,0,1,0,0,0,0
678,0.55117,66,9,11,0,6,0,0,1,0,0,0,0,0
1033,0.40203,68,9,9,0.01,5,2,0,0,0,1,0,0,0
273,0.47853,70,10,11,0,2,0,0,0,1,0,0,0,1
273,0.43617,70,10,8,0,4,0,0,0,1,0,0,1,0
726,0.54102,71,10,7,0,5,0,0,0,1,0,0,0,0
536,0.451,68,10,9,0,5,0,0,1,0,0,0,0,0
523,0.7246,68,10,6,0,5,0,0,0,0,1,0,0,0
680,0.71472,70,10,8,0,3,0,0,0,1,0,0,1,0
129,0.39547,66,9,11,0,6,0,0,0,0,0,1,0,0
422,0.451,65,10,6,0,4,0,0,1,0,0,0,1,0
634,0.79628,69,6,3,0,2,1,0,1,0,0,0,1,0
151,0.36222,71,10,9,0,2,0,0,0,0,0,1,0,0
133,0.40203,82,5,10,0,5,1,0,0,0,1,0,1,0
373,0.39547,70,10,11,0,6,0,0,0,0,1,0,0,0
370,0.43617,66,10,9,0,4,0,0,0,0,0,1,0,0
298,0.43559,72,10,11,0,6,0,0,0,0,1,0,0,0
429,0.44983,87,9,3,0.48,7,2,0,0,0,0,1,1,0
8359,0.38632,65,10,3,0,3,0,0,0,0,1,0,1,0
291,0.451,76,8,2,0,6,0,0,0,0,1,0,1,0
1007,0.53191,68,10,11,0,5,0,0,0,1,0,0,1,1
139,0.40203,58,10,1,0,3,0,0,0,1,0,0,1,0
166,0.48277,46,10,5,0,0,0,0,0,1,0,0,1,0
413,0.55117,61,10,4,0,1,1,0,0,1,0,0,1,1
705,0.47375,40,10,11,0,1,0,0,0,0,1,0,0,0
391,0.38632,73,10,11,0,6,0,0,0,1,0,0,0,0
964,0.55166,62,10,5,0,6,0,1,0,0,0,0,0,1
512,0.79628,67,10,11,0,4,0,0,0,1,0,0,0,1
319,0.36608,75,10,4,0,3,0,0,1,0,0,0,1,1
709,0.36222,75,10,6,0,7,0,0,0,1,0,0,1,0
1204,0.71472,72,10,7,0,5,0,0,1,0,0,0,0,0
680,0.43559,73,10,10,0,3,0,0,0,0,0,1,0,1
410,0.79628,46,10,5,0,0,0,0,0,0,0,1,1,0
514,0.40089,53,10,11,0,0,0,1,0,0,0,0,0,0
184,0.71472,53,10,17,0,0,0,0,0,1,0,0,1,0
629,0.53191,72,9,12,0,6,0,0,0,0,1,0,1,0
1036,0.48189,72,9,13,0.69,7,2,0,0,0,0,1,1,0
906,0.38632,76,9,3,0,5,0,0,1,0,0,0,1,0
511,0.53191,70,10,4,0,0,0,0,0,1,0,0,1,1
1332,0.79628,69,9,9,0,4,0,0,0,1,0,0,0,1
413,0.40203,72,9,5,0,7,0,0,0,0,0,1,1,0
190,0.54976,62,8,7,0,2,0,0,0,0,0,1,0,0
350,0.51441,44,10,4,0,1,0,0,0,0,1,0,0,0
453,0.55117,67,10,9,0,1,0,0,0,1,0,0,0,0
291,0.38202,68,10,11,0,4,0,0,1,0,0,0,0,0
402,0.38632,58,10,6,0,1,0,0,1,0,0,0,1,0
517,0.48189,87,6,8,0,6,1,0,1,0,0,0,1,0
271,0.43746,69,6,3,0,2,1,0,0,0,0,1,1,0
626,0.36612,70,10,9,0,4,0,0,0,0,1,0,1,0
1033,0.7246,67,10,9,0,1,0,0,0,0,1,0,0,0
628,0.48277,71,10,13,0,6,0,0,0,0,1,0,0,1
600,0.36612,73,10,7,0,6,0,0,0,1,0,0,0,1
1155,0.69734,79,7,2,0,3,1,0,1,0,0,0,0,1
626,0.38632,72,10,6,0.19,7,2,0,0,0,0,1,1,1
620,0.65663,67,10,7,0,4,0,0,0,0,1,0,1,0
5001,0.35379,72,10,11,0,6,0,0,0,0,1,0,1,1
291,0.65663,74,10,12,0,8,0,0,1,0,0,0,1,0
301,0.43617,68,9,9,0.01,5,2,0,0,1,0,0,0,0
497,0.47853,57,10,6,0,2,0,0,0,1,0,0,0,0
367,0.36222,65,10,8,0,2,0,0,0,1,0,0,0,0
2382,0.39547,67,10,11,0,4,0,0,0,0,1,0,1,1
852,0.37521,69,10,11,0,3,0,0,0,0,1,0,1,0
674,0.55117,70,10,2,0,1,0,0,1,0,0,0,1,0
467,0.55839,60,10,8,0,2,0,0,0,0,0,1,0,0
145,0.39991,73,8,6,0.26,8,2,0,0,1,0,0,0,0
277,0.79628,73,10,11,0,6,0,0,0,0,0,1,0,0
414,0.44983,71,10,6,0,5,0,0,0,0,1,0,1,0
265,0.71472,45,10,4,0,0,0,0,0,0,1,0,1,0
914,0.47853,68,10,13,0,4,0,0,0,0,1,0,0,1
933,0.451,57,10,6,0,2,0,0,0,1,0,0,0,0
360,0.35379,77,9,9,0,3,0,0,0,0,1,0,0,1
506,0.55839,69,9,10,0,4,0,0,1,0,0,0,0,0
599,0.44983,69,10,4,0,3,0,0,0,1,0,0,0,0
431,0.67032,69,10,8,0,3,0,0,0,0,0,1,1,0
670,0.43746,71,9,8,0.32,6,2,0,0,1,0,0,1,0
418,0.36608,68,9,9,0.01,5,2,0,0,1,0,0,0,0
364,0.35379,76,10,11,0,5,0,0,0,0,1,0,0,0
2485,0.40203,80,10,15,0,6,0,0,0,1,0,0,0,0
10712,0.36222,67,10,11,0,4,0,0,1,0,0,0,0,1
402,0.40203,74,10,6,0,5,0,0,0,0,1,0,0,0
314,0.451,66,10,13,0,5,0,0,0,0,1,0,0,1
584,0.54976,69,10,11,0,4,0,1,0,0,0,0,0,1
1497,0.35379,76,8,13,0.57,6,2,0,1,0,0,0,1,0
599,0.451,74,10,7,0,4,0,0,0,1,0,0,0,0
347,0.47853,72,10,13,0,5,0,0,0,0,1,0,0,1
540,0.47375,70,10,6,0,1,0,0,0,0,0,1,0,0
4603,0.55117,80,9,11,0.65,7,2,0,0,1,0,0,1,0
783,0.48277,65,10,3,0,3,0,0,0,0,1,0,1,0
5230,0.79628,69,10,6,0,4,0,0,0,1,0,0,1,1
238,0.44983,69,10,11,0,5,0,0,0,1,0,0,0,0
322,0.40089,74,10,12,0,7,0,0,0,0,1,0,1,1
700,0.43738,70,10,10,0,4,0,0,0,0,1,0,0,0
273,0.54102,63,10,4,0,1,0,0,0,0,1,0,0,0
414,0.38632,89,4,3,0,4,1,0,0,0,1,0,1,0
673,0.54102,74,10,10,0,3,0,0,0,1,0,0,0,0
386,0.54102,79,10,7,0,5,0,0,0,1,0,0,0,0
964,0.47375,56,10,9,0,2,0,1,0,0,0,0,1,0
121,0.36608,44,10,3,0,0,0,0,1,0,0,0,0,0
639,0.36612,68,10,9,0,3,0,0,0,0,1,0,0,0
728,0.79628,61,10,8,0,1,0,0,0,0,0,1,0,1
546,0.44983,76,10,3,0,4,1,0,0,0,0,1,1,0
639,0.79628,77,9,7,0,2,1,0,0,0,0,1,0,0
435,0.43617,70,10,8,0,3,0,0,1,0,0,0,1,0
514,0.65663,69,9,1,0,5,0,0,0,1,0,0,1,0
651,0.48277,74,9,9,0.01,6,2,0,0,1,0,0,0,0
1165,0.55166,64,10,7,0,0,0,0,0,0,1,0,0,0
435,0.51441,41,10,4,0,1,0,0,0,0,0,1,0,0
767,0.71472,67,10,9,0,2,0,0,0,1,0,0,0,0
1160,0.47375,74,10,12,0,7,0,0,0,0,0,1,1,1
383,0.40089,68,10,9,0,5,0,0,0,1,0,0,0,0
541,0.7246,79,10,7,0,5,0,0,0,1,0,0,0,0
404,0.43559,64,10,9,0,3,0,0,0,0,1,0,0,0
569,0.36222,65,10,12,0,5,0,0,0,1,0,0,0,0
116,0.39547,63,10,12,0,5,0,0,0,0,1,0,1,0
349,0.7246,65,10,6,0,1,0,0,0,1,0,0,1,1
509,0.39547,66,10,10,0,1,0,0,0,0,0,1,0,0
455,0.451,73,10,13,0,6,0,0,0,0,0,1,0,0
761,0.39991,72,10,11,0,6,0,0,0,1,0,0,1,1
378,0.55117,73,10,8,0,1,0,0,0,1,0,0,0,0
356,0.451,66,10,12,0,5,0,0,0,0,0,1,0,0
436,0.451,76,10,9,0,4,0,1,0,0,0,0,0,0
723,0.39991,56,7,5,0,5,0,0,0,1,0,0,0,1
147,0.7246,65,10,3,0,3,0,0,1,0,0,0,1,0
6345,0.38202,36,10,5,0,0,0,0,0,0,0,1,0,1
777,0.55839,80,9,15,0.43,8,2,0,0,1,0,0,1,0
895,0.48277,77,9,7,0,2,1,0,0,0,0,1,0,0
391,0.451,77,9,15,0.14,6,2,0,0,0,1,0,1,1
17430,0.37521,63,9,1,0,0,0,0,0,0,1,0,1,0
845,0.36612,63,10,4,0,5,1,0,0,0,1,0,1,1
316,0.35379,71,9,8,0,3,0,0,0,0,1,0,0,1
555,0.65663,69,9,8,0,1,0,0,0,0,1,0,0,0
467,0.55166,56,8,3,0,3,0,0,1,0,0,0,1,0
4735,0.71472,87,5,4,0,6,1,0,0,1,0,0,1,1
649,0.54976,77,9,5,0,5,0,0,0,0,1,0,1,0
1386,0.71472,70,10,11,0,1,0,0,0,0,1,0,0,0
278,0.38202,63,10,7,0,0,0,0,0,1,0,0,0,0
668,0.79628,66,10,12,0,1,0,0,1,0,0,0,1,0
526,0.53191,56,10,4,0.11,7,2,0,0,1,0,0,0,0
402,0.71472,64,10,10,0,4,0,0,0,0,1,0,1,1
420,0.39991,58,10,10,0,0,0,0,0,0,1,0,0,0
239,0.48277,68,10,7,0,4,0,0,0,0,1,0,0,0
333,0.451,63,10,7,0,0,0,0,1,0,0,0,0,0
948,0.54102,81,9,8,0,3,0,0,0,0,1,0,1,1
298,0.39991,63,10,6,0,1,0,0,0,0,1,0,1,1
582,0.38632,75,9,9,0.02,6,2,0,0,0,1,0,1,1
393,0.55839,70,10,2,0,1,0,0,0,0,0,1,1,0
990,0.48277,69,9,11,0,3,0,0,0,0,1,0,0,0
358,0.39547,78,10,11,0,6,0,0,0,1,0,0,0,1
900,0.67032,87,8,5,0.01,6,3,0,0,1,0,0,0,0
1887,0.43738,81,5,4,0.01,3,1,0,0,0,1,0,0,0
637,0.38202,70,10,8,0,4,0,0,0,0,1,0,1,0
545,0.40203,53,10,17,0,0,0,0,0,0,0,1,1,0
601,0.55839,41,10,4,0,1,0,0,0,1,0,0,0,0
727,0.51441,86,5,5,0,8,1,0,1,0,0,0,1,0
466,0.37521,79,10,5,0,4,0,0,0,1,0,0,1,0
543,0.79628,68,10,14,0,5,0,0,0,0,0,1,0,0
251,0.43746,62,10,3,0,5,0,0,0,0,1,0,1,1
816,0.55839,63,10,9,0,2,0,0,0,1,0,0,0,1
246,0.40089,72,10,22,0,3,0,0,0,1,0,0,0,0
179,0.53191,60,9,2,0,3,0,0,0,1,0,0,1,1
151,0.43746,72,8,3,0,5,0,0,0,1,0,0,1,1
536,0.40203,73,9,3,0,2,0,0,0,0,1,0,1,0
1673,0.48189,78,10,3,0,2,0,0,0,1,0,0,1,1
307,0.71472,73,8,6,0.26,8,2,0,0,0,0,1,0,0
660,0.54976,74,10,21,0,3,0,0,0,1,0,0,0,0
328,0.40203,79,9,9,0.01,7,0,0,1,0,0,0,1,0
760,0.7246,80,8,5,0,7,0,0,1,0,0,0,0,0
439,0.43738,87,6,3,0,5,1,0,0,0,1,0,1,1
529,0.40089,61,10,7,0,1,0,0,0,1,0,0,1,0
355,0.36608,67,10,9,0,1,1,0,0,0,1,0,0,1
805,0.39991,43,10,3,0,0,0,0,0,0,1,0,1,1
655,0.51441,80,8,5,0,7,0,0,0,0,1,0,0,0
175,0.44983,69,10,4,0,2,0,0,0,0,1,0,1,0
248,0.40203,76,9,4,0,2,0,0,0,0,1,0,1,0
236,0.40203,62,10,5,0,6,0,0,0,1,0,0,0,1
2561,0.55839,75,10,4,0.01,5,1,0,0,0,0,1,0,0
738,0.47853,73,10,13,0,6,0,0,0,1,0,0,0,0
858,0.43738,66,10,10,0,1,0,0,0,0,1,0,0,0
588,0.47853,67,10,7,0,1,0,0,0,1,0,0,1,0
584,0.69734,71,10,13,0,8,0,0,0,0,1,0,0,0
1483,0.69734,58,10,1,0,3,0,0,0,0,1,0,1,0
647,0.79628,60,9,2,0,3,0,0,0,1,0,0,1,1
1280,0.38202,55,10,5,0,1,0,0,0,0,1,0,0,1
220,0.67032,72,9,12,0,6,0,0,0,0,1,0,1,0
323,0.48189,71,10,7,0,2,0,0,0,0,1,0,1,1
227,0.43559,69,10,11,0,3,0,0,0,0,0,1,1,0
315,0.69734,69,10,8,0,5,0,0,0,0,1,0,1,0
2215,0.43738,56,7,5,0,5,0,1,0,0,0,0,0,1
442,0.54102,49,10,5,0,0,0,0,0,1,0,0,0,0
340,0.39991,92,10,9,0,6,0,0,0,1,0,0,1,0
322,0.43617,68,10,11,0,5,0,0,1,0,0,0,0,0
430,0.47853,77,10,9,0,6,0,0,0,0,0,1,1,0
687,0.55839,60,10,6,0,3,0,0,0,0,0,1,0,1
420,0.43617,83,8,15,0.99,7,2,0,0,1,0,0,1,1
529,0.47853,82,5,10,0,5,1,0,0,1,0,0,1,0
221,0.71472,89,4,3,0,4,1,0,0,0,0,1,1,0
615,0.43617,77,9,9,0,6,0,0,0,1,0,0,1,1
451,0.48277,56,10,7,0,0,0,0,0,0,0,1,0,0
480,0.54102,72,8,15,0.52,6,2,0,0,0,1,0,1,0
472,0.67032,69,10,6,0,2,0,0,0,1,0,0,0,1
562,0.43617,36,10,5,0,0,0,0,0,0,0,1,0,1
327,0.36222,69,10,10,0,3,0,0,0,0,1,0,1,0
406,0.40203,64,10,10,0,4,0,0,1,0,0,0,1,1
388,0.36222,92,9,11,0.23,8,2,0,0,0,1,0,1,0
185,0.48189,77,9,9,0,3,0,0,0,0,1,0,0,1
234,0.67032,92,7,6,0,6,1,0,0,0,1,0,1,0
650,0.44983,73,10,10,0,4,0,0,0,0,0,1,0,0
318,0.55117,45,10,6,0,2,0,0,0,0,1,0,0,0
748,0.54976,73,10,7,0,3,0,0,0,0,1,0,0,1
817,0.39547,80,7,10,0.26,6,2,0,0,0,1,0,1,1
2002,0.46099,72,10,9,0,5,0,0,0,0,1,0,0,0
381,0.36608,86,7,7,0.2,7,2,0,0,0,1,0,0,0
713,0.79628,52,10,12,0,2,0,0,0,0,1,0,1,0
209,0.39547,63,10,12,0,5,0,0,1,0,0,0,1,0
241,0.67032,74,10,7,0.07,4,5,0,0,0,1,0,1,1
428,0.55166,71,10,10,0,3,0,0,0,1,0,0,0,1
297,0.69734,72,10,5,0,3,0,0,0,0,1,0,1,1
1276,0.36222,64,10,9,0,2,0,0,0,0,0,1,0,0
147,0.36612,78,10,11,0,6,0,0,1,0,0,0,0,0
417,0.43617,72,9,13,0.69,7,2,0,0,0,1,0,1,0
642,0.55117,66,10,7,0,4,0,0,1,0,0,0,1,0
359,0.36222,80,10,4,0,6,0,0,0,1,0,0,0,0
472,0.48189,44,10,4,0,1,0,0,0,1,0,0,0,0
362,0.48189,66,10,4,0,5,0,0,0,0,1,0,0,0
352,0.40089,65,10,3,0,3,0,0,0,0,1,0,1,0
580,0.43559,61,10,9,0,0,0,0,0,1,0,0,0,0
467,0.79628,72,10,9,0,5,0,0,0,1,0,0,0,0
250,0.43617,71,9,9,0,3,0,0,0,0,1,0,0,1
863,0.48277,69,10,10,0,0,0,0,1,0,0,0,0,0
634,0.36608,63,10,6,0,1,0,0,0,1,0,0,1,1
544,0.55166,75,10,15,0,4,0,0,0,0,1,0,0,1
684,0.65663,80,9,8,0.01,6,2,0,0,1,0,0,1,0
275,0.38202,73,10,8,0,5,0,0,1,0,0,0,0,0
242,0.38632,73,10,7,0,3,0,0,0,0,1,0,0,1
809,0.55839,60,10,8,0,4,0,0,1,0,0,0,0,0
590,0.51441,70,10,9,0,4,0,0,0,0,1,0,0,0
389,0.35379,67,10,11,0,2,0,0,0,0,1,0,0,0
1219,0.69734,81,10,4,0,1,1,0,0,0,1,0,1,1
75,0.47853,36,10,5,0,0,0,0,0,0,0,1,0,1
166,0.43617,68,10,14,0,5,0,0,0,0,0,1,0,0
706,0.65663,63,10,4,0,5,1,0,0,1,0,0,1,1
470,0.40089,46,10,4,0,1,0,0,0,0,1,0,0,1
382,0.37521,66,10,10,0,6,0,0,0,0,1,0,0,0
462,0.67032,68,10,4,0,2,1,0,0,0,1,0,1,0
239,0.48189,72,10,13,0,5,0,0,0,1,0,0,0,1
624,0.67032,69,9,11,0.11,5,2,0,0,1,0,0,1,1
443,0.43559,63,10,10,0.03,7,2,0,0,0,0,1,0,1
236,0.51441,55,10,6,0,1,0,0,0,0,0,1,0,0
793,0.67032,54,10,2,0,5,0,1,0,0,0,0,1,0
378,0.39547,72,10,5,0,3,0,0,0,1,0,0,0,0
379,0.40203,52,10,4,0,2,0,0,0,0,0,1,0,0
489,0.55117,74,10,14,0,6,0,1,0,0,0,0,0,0
668,0.79628,76,10,11,0,6,0,0,0,1,0,0,0,0
1775,0.36222,69,10,11,0,5,0,0,0,0,1,0,1,1
252,0.38632,49,10,7,0,0,0,0,0,1,0,0,1,0
520,0.451,69,10,11,0,3,0,0,0,0,0,1,1,0
177,0.43617,70,10,11,0,6,0,0,0,1,0,0,0,0
473,0.54102,62,10,6,0,0,0,0,0,0,1,0,0,0
1417,0.37521,54,10,2,0,1,0,0,0,1,0,0,1,1
297,0.47375,64,10,14,0,5,0,0,0,1,0,0,0,0
562,0.46099,82,10,9,0,2,1,0,0,1,0,0,1,0
243,0.48189,71,10,4,0,1,0,0,0,1,0,0,1,1
1137,0.55166,53,10,17,0,0,0,0,0,0,1,0,1,0
397,0.39991,68,10,9,0,3,0,0,0,0,0,1,0,0
326,0.48277,69,9,1,0,3,0,0,0,1,0,0,1,0
5394,0.79628,72,10,11,0,8,0,0,0,1,0,0,0,1
876,0.43738,70,10,11,0,1,0,0,0,0,1,0,0,0
366,0.47853,66,10,7,0,2,0,0,0,1,0,0,1,0
634,0.451,72,10,7,0,5,0,0,0,0,1,0,0,0
318,0.38632,63,10,4,0,5,1,0,0,1,0,0,1,1
1563,0.65663,75,9,12,0.23,6,2,0,0,1,0,0,0,1
402,0.38632,71,10,9,0,2,0,0,0,1,0,0,0,0
221,0.47853,71,10,10,0,3,0,0,0,1,0,0,0,1
3340,0.36608,69,10,4,0,2,0,0,0,0,1,0,1,0
357,0.35379,73,10,11,0,6,0,0,0,1,0,0,0,0
524,0.40089,71,10,11,0,4,0,0,0,1,0,0,0,0
982,0.7246,62,10,5,0,3,0,0,0,1,0,0,1,1
621,0.43738,69,10,10,0,2,0,0,0,0,1,0,0,0
356,0.36608,80,9,7,0.28,7,2,0,0,1,0,0,1,0
743,0.55166,53,10,11,0,0,0,0,0,1,0,0,0,0
801,0.65663,68,10,7,0,3,0,0,0,1,0,0,1,1
835,0.69734,47,10,6,0,3,0,0,0,1,0,0,0,0
468,0.39547,92,10,9,0,6,0,0,0,0,0,1,1,0
108,0.46099,60,10,9,0,1,0,0,0,1,0,0,0,1
1055,0.55117,68,10,7,0,4,0,0,0,1,0,0,0,0
1257,0.69734,81,10,4,0,1,1,0,1,0,0,0,1,1
443,0.47853,64,10,16,0,1,0,0,0,1,0,0,0,0
752,0.43746,83,10,8,0.13,7,2,0,0,1,0,0,1,0
3440,0.51441,68,10,13,0,4,0,0,0,1,0,0,0,1
325,0.35379,69,10,8,0,3,0,0,0,0,1,0,1,0
360,0.43738,66,9,11,0,6,0,0,1,0,0,0,0,0
219,0.38202,77,9,9,0,6,0,0,0,1,0,0,1,1
174,0.39991,73,10,10,0,6,0,0,0,0,1,0,0,0
802,0.54976,74,10,10,0,3,0,0,0,1,0,0,0,0
519,0.43738,57,10,9,0,0,0,0,0,1,0,0,0,0
957,0.69734,72,10,5,0,3,0,0,0,0,1,0,0,0
1028,0.79628,66,10,4,0,1,0,0,0,1,0,0,1,1
250,0.48189,75,9,12,0.23,6,2,0,0,1,0,0,0,1
383,0.39991,77,10,9,0,6,0,0,0,1,0,0,1,0
975,0.43738,64,10,9,0,3,0,0,0,0,0,1,0,1
793,0.36608,83,7,3,0,6,1,0,0,0,1,0,1,1
217,0.35379,71,10,9,0,4,0,0,1,0,0,0,0,0
571,0.7246,70,10,6,0,3,0,0,0,0,0,1,0,0
243,0.44983,67,10,11,0,4,0,0,0,0,1,0,1,1
369,0.39547,70,10,6,0,1,0,0,0,0,0,1,0,0
462,0.53191,71,10,8,0,4,0,0,0,0,1,0,0,1
486,0.65663,62,10,10,0,5,0,0,0,0,0,1,0,0
712,0.451,66,10,2,0,1,0,0,0,0,1,0,1,1
426,0.46099,67,10,9,0,5,0,0,1,0,0,0,0,0
450,0.451,70,10,5,0,3,0,0,0,0,0,1,1,0
345,0.54102,68,10,9,0,4,0,0,0,0,0,1,0,0
711,0.38202,83,8,2,0,7,1,0,0,1,0,0,1,0
444,0.38632,78,10,9,0,2,0,0,0,1,0,0,1,1
308,0.47853,61,10,3,0,2,0,0,0,0,1,0,0,0
838,0.38632,71,10,13,0,6,0,0,0,0,0,1,0,1
125,0.55117,65,10,4,0,5,0,0,0,0,1,0,0,0
543,0.54976,68,10,12,0,5,0,1,0,0,0,0,0,1
1620,0.46099,70,10,7,0,2,0,0,0,0,0,1,1,1
660,0.55839,66,10,5,0,7,0,0,0,0,1,0,0,0
552,0.39547,76,9,4,0,2,0,0,0,0,1,0,1,0
208,0.39547,67,10,7,0,1,0,0,1,0,0,0,1,0
235,0.39547,72,10,14,0,5,0,0,0,1,0,0,1,0
266,0.43559,87,9,8,0.1,7,2,0,0,0,1,0,0,0
367,0.39547,72,10,9,0,4,0,0,0,0,1,0,1,1
924,0.36608,59,10,8,0,1,0,0,1,0,0,0,0,0
897,0.55117,64,10,10,0.01,5,2,0,0,0,1,0,0,0
812,0.71472,53,10,4,0,0,0,0,0,0,0,1,0,1
2066,0.46099,73,10,11,0,7,0,0,0,1,0,0,1,1
608,0.36612,61,10,14,0,2,0,0,0,1,0,0,0,0
337,0.48189,60,9,2,0,3,0,0,0,1,0,0,1,1
703,0.79628,40,10,5,0,0,0,0,1,0,0,0,0,0
632,0.47375,78,9,6,0,6,0,0,1,0,0,0,1,0
399,0.48277,71,9,8,0,4,0,0,0,1,0,0,0,0
470,0.47853,53,10,10,0,2,0,0,0,0,1,0,1,1
513,0.39547,53,10,12,0,2,0,0,0,0,1,0,0,1
11398,0.47853,53,10,4,0,0,0,0,0,0,1,0,0,1
323,0.48189,64,10,17,0,4,0,0,0,1,0,0,0,0
325,0.55117,61,10,8,0,4,0,0,0,0,0,1,0,0
790,0.67032,70,10,9,0,4,0,0,0,1,0,0,1,0
501,0.65663,67,9,10,0,1,0,0,0,0,0,1,0,0
430,0.55166,70,10,6,0,3,0,0,0,1,0,0,0,0
1395,0.55839,64,10,8,0,1,0,0,0,0,1,0,0,0
405,0.35379,72,10,19,0,4,0,0,0,0,1,0,0,0
187,0.37521,56,8,3,0,3,0,0,0,0,1,0,1,0
364,0.40089,82,9,6,0,5,0,0,1,0,0,0,1,0
302,0.47853,64,10,17,0,4,0,0,0,0,1,0,0,0
687,0.40089,56,10,9,0,2,0,0,0,0,1,0,1,0
254,0.54976,77,8,12,0.63,7,2,0,0,0,0,1,1,0
962,0.54102,55,10,5,0,1,0,0,0,0,0,1,1,0
235,0.7246,74,10,21,0,3,0,0,0,0,1,0,0,0
412,0.451,72,10,5,0.02,5,2,0,0,0,1,0,1,0
495,0.7246,70,10,12,0,6,0,0,0,1,0,0,1,0
159,0.55117,71,10,7,0,5,0,0,0,0,1,0,0,0
750,0.67032,92,7,6,0,6,1,0,0,1,0,0,1,0
13702,0.36222,63,10,7,0,3,0,0,0,0,1,0,1,1
1808,0.55117,67,10,9,0,1,0,0,0,0,0,1,0,0
617,0.79628,63,10,13,0,4,0,0,0,0,1,0,1,0
391,0.36612,76,9,3,0,5,0,0,1,0,0,0,1,0
392,0.51441,69,10,13,0,5,0,0,1,0,0,0,0,0
560,0.71472,75,10,8,0,4,0,0,0,0,1,0,1,0
371,0.40203,92,10,9,0,6,0,0,0,0,1,0,1,0
921,0.54102,73,10,10,0,5,0,0,0,0,1,0,0,0
279,0.36222,68,10,6,0,5,0,0,0,0,0,1,0,0
491,0.43559,43,10,5,0,1,0,0,0,0,0,1,0,0
204,0.44983,70,10,10,0,4,0,0,0,1,0,0,0,0
1599,0.65663,70,10,8,0,4,0,0,0,0,1,0,1,0
215,0.43617,65,10,8,0,2,0,0,0,0,0,1,0,0
609,0.54102,70,10,7,0,4,0,0,1,0,0,0,0,1
696,0.38202,83,8,3,0,4,0,0,0,0,1,0,1,0
520,0.43617,54,10,2,0,5,0,1,0,0,0,0,1,0
210,0.48277,55,10,8,0,1,0,0,0,1,0,0,0,0
258,0.40089,73,10,3,0,2,1,0,0,0,1,0,1,0
359,0.48189,48,10,13,0,1,0,0,1,0,0,0,1,0
189,0.451,79,10,9,0,6,0,0,0,1,0,0,0,1
453,0.38632,63,10,5,0,4,0,0,0,0,1,0,1,0
3326,0.43738,87,8,5,0.01,6,3,0,0,0,1,0,0,0
492,0.451,67,10,9,0,1,1,0,0,0,0,1,0,1
5098,0.37521,61,9,8,0,1,1,0,0,1,0,0,1,1
392,0.43559,82,5,10,0,5,1,0,1,0,0,0,1,0
354,0.35379,53,10,6,0,1,0,0,0,0,0,1,0,0
271,0.54102,76,10,3,0,4,1,0,0,0,1,0,1,0
218,0.79628,71,10,10,0,7,0,0,0,1,0,0,0,0
470,0.48277,56,10,7,0,0,0,0,0,1,0,0,0,0
497,0.43746,47,10,5,0,0,0,0,0,0,0,1,0,0
311,0.39547,50,10,8,0,1,0,0,1,0,0,0,1,0
252,0.48277,63,10,2,0,1,0,0,0,1,0,0,1,0
279,0.44983,92,10,9,0,6,0,0,1,0,0,0,1,0
1076,0.46099,68,10,10,0,7,0,0,1,0,0,0,0,1
524,0.36612,69,10,4,0,2,0,0,0,0,1,0,1,0
203,0.47375,77,9,15,0.14,6,2,0,0,0,0,1,1,1
311,0.35379,77,8,11,0,2,1,0,0,0,1,0,1,1
656,0.44983,67,10,9,0,2,0,0,0,1,0,0,0,0
293,0.65663,67,10,6,0,1,0,0,1,0,0,0,0,1
462,0.40089,52,10,0,0,5,0,0,0,0,1,0,0,0
837,0.69734,63,10,2,0,1,0,0,1,0,0,0,1,0
689,0.51441,78,10,3,0,4,0,0,0,0,0,1,1,0
1051,0.54976,66,10,10,0,6,0,0,0,0,0,1,0,0
346,0.46099,70,10,8,0,4,0,0,1,0,0,0,1,0
246,0.79628,72,8,2,0,0,0,0,0,0,1,0,1,0
620,0.48189,71,10,10,0,7,0,0,0,1,0,0,0,0
2718,0.451,71,10,9,0,4,0,0,0,1,0,0,0,1
293,0.43738,61,10,4,0,1,1,0,1,0,0,0,1,1
1689,0.67032,56,8,5,0,3,0,0,0,0,1,0,0,1
571,0.55166,48,10,2,0,3,0,0,0,1,0,0,1,0
434,0.67032,69,10,10,0,0,0,0,0,0,1,0,0,0
456,0.53191,67,10,9,0,3,0,0,0,1,0,0,0,1
317,0.47375,71,10,9,0,3,0,0,0,0,1,0,1,0
409,0.54976,80,8,5,0,7,0,0,0,1,0,0,0,0
313,0.48277,75,10,4,0,1,0,0,0,1,0,0,1,1
42491,0.43559,73,10,12,0,6,0,1,0,0,0,0,0,0
370,0.43617,57,9,1,0,0,0,0,0,0,0,1,1,1
270,0.55117,66,10,5,0,6,0,0,0,0,1,0,0,1
460,0.67032,73,10,10,0,4,0,0,0,0,0,1,0,0
700,0.46099,73,10,10,0,6,0,0,0,0,0,1,0,0
12144,0.47375,64,10,10,0,4,0,0,0,0,1,0,1,1
365,0.44983,72,10,19,0,4,0,0,0,0,0,1,0,0
286,0.44983,69,10,11,0,5,0,0,0,0,0,1,1,1
240,0.43746,76,9,3,0,5,0,0,0,0,1,0,1,0
708,0.55166,63,10,11,0,5,0,0,0,1,0,0,0,0
510,0.53191,68,10,9,0,7,0,0,0,1,0,0,0,0
395,0.51441,76,10,11,0,6,0,0,0,0,1,0,0,0
309,0.38202,76,10,13,0.23,6,2,0,1,0,0,0,0,1
904,0.40089,76,10,11,0,6,0,0,0,0,1,0,0,0
810,0.65663,72,10,13,0,8,0,0,0,0,0,1,1,0
190,0.39991,64,10,9,0,3,0,0,0,0,1,0,0,1
385,0.55839,69,9,9,0,2,0,0,0,0,1,0,0,0
435,0.39547,69,10,10,0,3,0,0,0,0,1,0,1,0
1115,0.55117,79,10,9,0,6,0,0,0,1,0,0,0,1
918,0.40089,66,9,5,0,1,0,0,0,1,0,0,0,0
1308,0.43617,66,10,7,0,2,0,0,0,0,1,0,1,0
737,0.7246,71,10,7,0,5,0,0,0,1,0,0,0,0
498,0.38632,65,10,9,0.29,6,2,0,0,0,1,0,1,0
671,0.7246,66,10,10,0,6,0,0,0,0,1,0,0,0
803,0.36612,43,10,6,0,2,0,0,0,0,0,1,0,0
385,0.69734,67,10,5,0,2,0,0,0,1,0,0,1,1
643,0.38202,63,10,12,0,5,0,0,0,0,1,0,1,0
321,0.47375,70,10,8,0,3,0,0,0,0,1,0,1,0
619,0.37521,53,10,7,0,0,0,0,0,0,0,1,0,0
326,0.47853,79,8,12,0.87,8,2,0,0,0,0,1,1,1
431,0.43617,65,10,6,0,1,0,0,0,1,0,0,1,0
456,0.69734,69,10,11,0,3,0,0,0,0,1,0,0,1
1307,0.46099,76,10,9,0,4,0,0,1,0,0,0,0,0
471,0.44983,60,10,8,0,2,0,0,0,0,0,1,0,0
1343,0.51441,73,10,7,0,6,0,0,0,1,0,0,0,1
893,0.69734,54,10,4,0,0,0,0,0,0,1,0,1,0
556,0.46099,78,9,6,0,6,0,0,1,0,0,0,1,0
665,0.55117,53,10,17,0,0,0,0,0,1,0,0,1,0
170,0.69734,73,10,10,0,5,0,0,0,0,0,1,0,0
225,0.36222,75,10,11,0,4,0,0,0,0,1,0,0,0
205,0.37521,71,10,10,0,6,0,0,0,0,1,0,0,1
14475,0.43559,88,9,4,0.32,7,2,0,0,0,1,0,1,1
230,0.36222,74,10,7,0,1,0,0,0,0,1,0,1,1
217,0.55839,45,10,6,0,2,0,0,1,0,0,0,0,0
781,0.36608,69,10,9,0,5,0,0,0,0,1,0,1,0
214,0.36608,46,10,7,0,0,0,0,0,0,0,1,0,0
474,0.54102,56,10,9,0,3,0,0,0,0,1,0,1,0
788,0.43559,71,9,8,0.32,6,2,0,0,0,0,1,1,0
1607,0.51441,72,10,22,0,3,0,0,0,0,1,0,0,0
468,0.46099,55,10,6,0,1,0,0,0,0,1,0,0,0
1462,0.54976,71,10,6,0,1,0,0,0,0,1,0,1,0
660,0.53191,63,10,12,0,5,0,0,0,0,1,0,1,0
200,0.47853,67,10,6,0,1,0,0,0,0,1,0,0,1
1577,0.53191,67,10,12,0,4,0,0,0,1,0,0,0,1
472,0.36222,58,10,5,0,2,1,0,0,0,1,0,1,0
345,0.7246,69,10,11,0,5,0,1,0,0,0,0,0,0
160,0.44983,57,10,4,0,0,0,0,0,1,0,0,0,0
311,0.36612,61,10,2,0,1,0,0,0,1,0,0,1,1
497,0.39991,57,10,6,0,5,0,0,0,0,0,1,0,1
304,0.46099,71,10,10,0,6,0,0,0,0,1,0,0,0
359,0.46099,67,10,7,0,1,0,0,0,1,0,0,1,0
1473,0.71472,81,10,5,0,7,0,0,1,0,0,0,1,0
820,0.36608,83,8,2,0,7,1,0,0,0,0,1,1,0
147,0.40089,71,10,8,0,4,0,0,1,0,0,0,0,1
308,0.36612,56,8,3,0,3,0,0,0,0,0,1,1,0
767,0.55166,64,9,2,0,2,0,0,0,1,0,0,1,0
352,0.46099,70,10,9,0,4,0,0,0,1,0,0,0,0
133,0.37521,73,10,13,0,6,0,0,0,0,1,0,0,0
758,0.67032,81,10,4,0,1,1,0,0,0,1,0,1,1
759,0.55839,66,10,7,0,1,0,0,0,0,1,0,0,1
568,0.38632,67,10,14,0,2,0,0,0,1,0,0,1,1
616,0.38202,73,10,5,0,1,0,0,0,0,0,1,1,0
364,0.48189,89,4,3,0,4,1,0,0,0,0,1,1,0
638,0.36222,68,10,4,0,2,1,0,0,1,0,0,1,0
414,0.69734,64,10,8,0,3,0,0,0,0,1,0,1,1
450,0.451,69,10,16,0,6,0,0,0,0,0,1,0,1
664,0.55166,61,10,8,0,5,0,0,0,0,1,0,0,0
252,0.65663,50,10,5,0,0,0,0,0,0,0,1,1,1
288,0.43617,87,6,8,0,6,1,0,0,0,1,0,1,0
425,0.43738,69,10,8,0,2,0,0,0,0,1,0,0,1
789,0.7246,47,10,8,0,0,0,0,1,0,0,0,0,0
1676,0.47853,49,10,8,0,0,0,0,0,0,1,0,1,0
522,0.54102,73,10,10,0,5,0,0,0,0,1,0,0,1
159,0.47853,61,10,3,0,2,0,0,0,1,0,0,0,0
1227,0.55839,68,10,9,0,5,0,0,1,0,0,0,0,0
261,0.36222,69,7,10,0,1,0,0,0,0,1,0,0,0
1005,0.40203,64,10,9,0,0,0,0,0,1,0,0,0,0
200,0.38632,71,10,11,0,4,0,0,0,0,1,0,0,0
514,0.451,53,10,17,0,0,0,0,0,0,0,1,1,0
612,0.37521,45,10,5,0,0,0,0,0,1,0,0,1,1
909,0.55166,73,9,6,0,2,0,0,0,0,1,0,1,0
1569,0.7246,78,10,11,0,6,0,0,0,0,1,0,0,1
555,0.43738,48,10,2,0,3,0,0,0,0,1,0,1,0
771,0.54102,53,10,10,0,2,0,0,0,0,1,0,1,1
232,0.55166,35,10,7,0,1,0,0,0,0,1,0,1,0
634,0.55839,60,10,18,0,3,0,0,0,0,1,0,1,0
7107,0.36222,64,10,7,0,0,0,0,0,0,1,0,0,0
341,0.38202,58,10,4,0,1,0,0,0,0,0,1,0,0
648,0.54976,87,9,3,0.48,7,2,0,0,0,1,0,1,0
180,0.39547,80,8,8,0.32,8,2,0,1,0,0,0,0,0
618,0.67032,77,9,9,0,3,0,0,0,0,1,0,0,1
210,0.67032,58,10,5,0,2,1,0,1,0,0,0,1,0
483,0.69734,83,10,8,0.13,7,2,0,0,0,0,1,1,0
396,0.46099,69,10,4,0,2,0,0,0,0,1,0,1,0
306,0.65663,63,10,2,0,1,0,0,1,0,0,0,1,0
413,0.43617,71,10,8,0,4,0,0,0,0,0,1,0,0
353,0.48277,69,10,14,0,4,0,0,0,0,0,1,1,0
171,0.55839,64,10,7,0,1,0,0,0,0,1,0,1,1
329,0.40203,84,7,5,0,5,0,0,0,1,0,0,1,1
392,0.55117,65,9,2,0,5,0,0,0,1,0,0,1,0
372,0.43559,70,10,10,0,5,0,0,1,0,0,0,1,0
414,0.36608,64,10,11,0,5,0,0,0,0,0,1,0,0
207,0.43746,52,10,0,0,5,0,0,1,0,0,0,0,0
467,0.46099,74,10,7,0,4,0,0,1,0,0,0,0,0
2318,0.54976,73,10,11,0,6,0,0,0,0,1,0,0,1
621,0.54102,61,9,7,0,0,0,0,0,1,0,0,0,1
317,0.55117,74,8,12,0.57,8,2,0,0,0,1,0,1,0
346,0.46099,69,9,9,0,2,0,0,0,0,1,0,0,0
670,0.38202,55,10,6,0,1,0,0,0,1,0,0,0,0
692,0.48277,66,10,10,0,1,0,0,1,0,0,0,0,0
708,0.47853,67,10,9,0,3,0,0,0,0,0,1,0,1
860,0.35379,57,10,6,0,2,0,0,0,0,0,1,0,0
237,0.67032,73,10,7,0.09,6,2,0,0,1,0,0,1,0
687,0.67032,77,10,9,0,6,0,0,0,0,1,0,1,0
629,0.67032,68,10,5,0,0,0,0,0,0,1,0,0,0
1841,0.36222,78,10,11,0,6,0,0,0,1,0,0,0,1
959,0.40203,65,10,4,0,5,0,0,0,1,0,0,0,0
244,0.43746,69,10,10,0,0,0,0,1,0,0,0,0,0
448,0.36222,53,10,7,0,0,0,0,0,1,0,0,0,0
429,0.55839,50,10,8,0,1,0,0,0,1,0,0,1,0
183,0.54976,82,9,6,0,5,0,0,0,1,0,0,1,0
896,0.71472,63,10,13,0,4,0,0,0,1,0,0,1,0
316,0.54976,77,9,7,0,2,1,0,0,0,1,0,0,0
610,0.47853,67,10,6,0,1,0,0,0,1,0,0,0,1
297,0.43746,73,9,6,0,3,0,0,0,0,1,0,1,0
441,0.43617,75,9,6,0,4,0,0,0,1,0,0,1,0
262,0.37521,75,9,12,0.23,6,2,0,0,1,0,0,0,1
564,0.55117,60,10,4,0,0,0,0,0,0,1,0,1,0
170,0.36612,87,8,5,0,3,1,0,0,0,1,0,1,0
498,0.46099,92,6,9,0.35,8,2,0,0,0,1,0,1,1
79,0.36608,60,10,18,0,3,0,0,0,0,1,0,1,0
462,0.43559,92,7,6,0,6,1,0,0,0,0,1,1,0
203,0.54102,68,10,8,0,3,1,0,0,0,0,1,0,1
274,0.40089,70,10,7,0,4,0,0,0,1,0,0,0,1
417,0.37521,63,10,12,0,1,0,0,0,0,0,1,1,0
2939,0.36222,70,10,11,0,2,0,0,0,0,1,0,0,1
460,0.47375,78,7,3,0,3,0,0,0,1,0,0,1,0
414,0.39547,62,8,7,0,2,0,0,0,0,1,0,0,0
622,0.43738,75,9,12,0.23,6,2,0,0,1,0,0,0,1
664,0.55117,70,10,5,0,3,0,0,0,0,1,0,1,0
345,0.36612,82,9,6,0,4,1,0,0,0,1,0,1,0
234,0.36608,74,10,11,0,5,0,0,0,0,1,0,0,0
209,0.54102,77,9,9,0,6,0,0,0,0,0,1,1,1
512,0.48277,66,10,5,0,7,0,0,0,0,1,0,0,0
1279,0.48277,67,10,9,0,1,1,0,0,1,0,0,0,1
564,0.44983,61,10,9,0,0,0,0,0,0,0,1,0,0
914,0.37521,69,10,10,0,0,0,0,0,0,1,0,0,0
208,0.39547,74,10,11,0,5,0,0,0,1,0,0,0,0
217,0.40089,75,10,4,0.01,5,1,0,1,0,0,0,0,0
475,0.48189,69,9,9,0,4,0,0,0,0,1,0,0,1
540,0.69734,66,10,19,0,1,0,0,0,0,1,0,0,0
389,0.38632,72,10,9,0,4,0,0,0,1,0,0,0,0
486,0.7246,71,10,8,0,5,1,0,0,0,1,0,0,0
235,0.51441,53,10,7,0,0,0,0,0,0,0,1,0,0
443,0.47375,66,10,9,0,4,0,0,1,0,0,0,0,0
393,0.48189,46,10,9,0,3,0,0,0,0,1,0,0,0
444,0.79628,73,7,3,0,3,1,0,0,1,0,0,1,0
1100,0.51441,61,9,8,0,1,1,0,0,1,0,0,1,1
403,0.7246,70,10,8,0,3,0,0,0,1,0,0,1,0
672,0.48277,66,9,5,0,1,0,0,0,0,0,1,0,0
1287,0.55839,61,9,8,0,1,1,0,0,0,1,0,1,1
131,0.47853,70,10,6,0,7,0,0,0,0,1,0,0,1
397,0.47853,72,8,3,0,5,0,0,0,0,1,0,1,1
438,0.48277,57,10,6,0,5,0,0,0,0,1,0,0,1
258,0.48277,73,10,10,0,3,0,0,1,0,0,0,0,1
652,0.54976,71,10,10,0,5,0,0,0,1,0,0,0,0
1625,0.47375,74,10,14,0,6,0,0,0,0,1,0,0,0
612,0.36612,75,9,8,0.15,5,2,0,1,0,0,0,1,0
999,0.55117,79,8,12,0.87,8,2,0,0,1,0,0,1,1
815,0.7246,72,10,11,0,6,0,0,0,1,0,0,0,0
782,0.43746,57,10,6,0,5,0,0,0,0,1,0,0,1
